"maille";"id_data";"point";"espece";"total";"heterogeneite";"configuration";"prairies";"haies";"periode"
"A_1";1047;"001D_1";"etourneau_sansonnet";0;-0,211247314;-0,768362675;0,82343514;0,835706882;1
"A_1";1459;"001B_1";"mesange_a_longue_queue";0;-0,211247314;-0,768362675;0,82343514;0,835706882;1
"A_1";625;"001A_1";"tourterelle_des_bois";0;-0,211247314;-0,768362675;0,82343514;0,835706882;1
"A_1";1045;"001C_1";"etourneau_sansonnet";2;-0,211247314;-0,768362675;0,82343514;0,835706882;1
"A_1";419;"001B_1";"pouillot_veloce";2;-0,211247314;-0,768362675;0,82343514;0,835706882;1
"A_1";2087;"001D_1";"grive_draine";0;-0,211247314;-0,768362675;0,82343514;0,835706882;1
"A_1";1875;"001B_1";"accenteur_mouchet";1;-0,211247314;-0,768362675;0,82343514;0,835706882;1
"A_1";3;"001B_1";"pinson_des_arbres";5;-0,211247314;-0,768362675;0,82343514;0,835706882;1
"A_1";1457;"001A_1";"mesange_a_longue_queue";0;-0,211247314;-0,768362675;0,82343514;0,835706882;1
"A_1";211;"001B_1";"corneille_noire";3;-0,211247314;-0,768362675;0,82343514;0,835706882;1
"A_1";1879;"001D_1";"accenteur_mouchet";2;-0,211247314;-0,768362675;0,82343514;0,835706882;1
"A_1";835;"001B_1";"pic_epeiche";1;-0,211247314;-0,768362675;0,82343514;0,835706882;1
"A_1";215;"001D_1";"corneille_noire";6;-0,211247314;-0,768362675;0,82343514;0,835706882;1
"A_1";1463;"001D_1";"mesange_a_longue_queue";0;-0,211247314;-0,768362675;0,82343514;0,835706882;1
"A_1";1043;"001B_1";"etourneau_sansonnet";2;-0,211247314;-0,768362675;0,82343514;0,835706882;1
"A_1";627;"001B_1";"tourterelle_des_bois";0;-0,211247314;-0,768362675;0,82343514;0,835706882;1
"A_1";5;"001C_1";"pinson_des_arbres";4;-0,211247314;-0,768362675;0,82343514;0,835706882;1
"A_1";423;"001D_1";"pouillot_veloce";1;-0,211247314;-0,768362675;0,82343514;0,835706882;1
"A_1";7;"001D_1";"pinson_des_arbres";4;-0,211247314;-0,768362675;0,82343514;0,835706882;1
"A_1";2081;"001A_1";"grive_draine";0;-0,211247314;-0,768362675;0,82343514;0,835706882;1
"A_1";2083;"001B_1";"grive_draine";0;-0,211247314;-0,768362675;0,82343514;0,835706882;1
"A_1";213;"001C_1";"corneille_noire";10;-0,211247314;-0,768362675;0,82343514;0,835706882;1
"A_1";2085;"001C_1";"grive_draine";0;-0,211247314;-0,768362675;0,82343514;0,835706882;1
"A_1";1873;"001A_1";"accenteur_mouchet";2;-0,211247314;-0,768362675;0,82343514;0,835706882;1
"A_1";839;"001D_1";"pic_epeiche";0;-0,211247314;-0,768362675;0,82343514;0,835706882;1
"A_1";421;"001C_1";"pouillot_veloce";3;-0,211247314;-0,768362675;0,82343514;0,835706882;1
"A_1";417;"001A_1";"pouillot_veloce";3;-0,211247314;-0,768362675;0,82343514;0,835706882;1
"A_1";631;"001D_1";"tourterelle_des_bois";0;-0,211247314;-0,768362675;0,82343514;0,835706882;1
"A_1";837;"001C_1";"pic_epeiche";1;-0,211247314;-0,768362675;0,82343514;0,835706882;1
"A_1";1041;"001A_1";"etourneau_sansonnet";0;-0,211247314;-0,768362675;0,82343514;0,835706882;1
"A_1";629;"001C_1";"tourterelle_des_bois";0;-0,211247314;-0,768362675;0,82343514;0,835706882;1
"A_1";1461;"001C_1";"mesange_a_longue_queue";0;-0,211247314;-0,768362675;0,82343514;0,835706882;1
"A_1";1;"001A_1";"pinson_des_arbres";2;-0,211247314;-0,768362675;0,82343514;0,835706882;1
"A_1";1877;"001C_1";"accenteur_mouchet";3;-0,211247314;-0,768362675;0,82343514;0,835706882;1
"A_1";209;"001A_1";"corneille_noire";0;-0,211247314;-0,768362675;0,82343514;0,835706882;1
"A_1";833;"001A_1";"pic_epeiche";1;-0,211247314;-0,768362675;0,82343514;0,835706882;1
"A_143";255;"143D_1";"corneille_noire";11;-0,537570293;1,267432528;1,833665608;-0,778204391;1
"A_143";2123;"143B_1";"grive_draine";1;-0,537570293;1,267432528;1,833665608;-0,778204391;1
"A_143";1499;"143B_1";"mesange_a_longue_queue";0;-0,537570293;1,267432528;1,833665608;-0,778204391;1
"A_143";43;"143B_1";"pinson_des_arbres";5;-0,537570293;1,267432528;1,833665608;-0,778204391;1
"A_143";1497;"143A_1";"mesange_a_longue_queue";0;-0,537570293;1,267432528;1,833665608;-0,778204391;1
"A_143";253;"143C_1";"corneille_noire";7;-0,537570293;1,267432528;1,833665608;-0,778204391;1
"A_143";2127;"143D_1";"grive_draine";0;-0,537570293;1,267432528;1,833665608;-0,778204391;1
"A_143";1915;"143B_1";"accenteur_mouchet";0;-0,537570293;1,267432528;1,833665608;-0,778204391;1
"A_143";1501;"143C_1";"mesange_a_longue_queue";0;-0,537570293;1,267432528;1,833665608;-0,778204391;1
"A_143";879;"143D_1";"pic_epeiche";0;-0,537570293;1,267432528;1,833665608;-0,778204391;1
"A_143";1083;"143B_1";"etourneau_sansonnet";3;-0,537570293;1,267432528;1,833665608;-0,778204391;1
"A_143";251;"143B_1";"corneille_noire";2;-0,537570293;1,267432528;1,833665608;-0,778204391;1
"A_143";47;"143D_1";"pinson_des_arbres";5;-0,537570293;1,267432528;1,833665608;-0,778204391;1
"A_143";41;"143A_1";"pinson_des_arbres";5;-0,537570293;1,267432528;1,833665608;-0,778204391;1
"A_143";459;"143B_1";"pouillot_veloce";2;-0,537570293;1,267432528;1,833665608;-0,778204391;1
"A_143";665;"143A_1";"tourterelle_des_bois";0;-0,537570293;1,267432528;1,833665608;-0,778204391;1
"A_143";667;"143B_1";"tourterelle_des_bois";0;-0,537570293;1,267432528;1,833665608;-0,778204391;1
"A_143";463;"143D_1";"pouillot_veloce";3;-0,537570293;1,267432528;1,833665608;-0,778204391;1
"A_143";1919;"143D_1";"accenteur_mouchet";0;-0,537570293;1,267432528;1,833665608;-0,778204391;1
"A_143";1085;"143C_1";"etourneau_sansonnet";16;-0,537570293;1,267432528;1,833665608;-0,778204391;1
"A_143";1087;"143D_1";"etourneau_sansonnet";13;-0,537570293;1,267432528;1,833665608;-0,778204391;1
"A_143";1503;"143D_1";"mesange_a_longue_queue";0;-0,537570293;1,267432528;1,833665608;-0,778204391;1
"A_143";1081;"143A_1";"etourneau_sansonnet";0;-0,537570293;1,267432528;1,833665608;-0,778204391;1
"A_143";45;"143C_1";"pinson_des_arbres";2;-0,537570293;1,267432528;1,833665608;-0,778204391;1
"A_143";2121;"143A_1";"grive_draine";1;-0,537570293;1,267432528;1,833665608;-0,778204391;1
"A_143";1917;"143C_1";"accenteur_mouchet";0;-0,537570293;1,267432528;1,833665608;-0,778204391;1
"A_143";669;"143C_1";"tourterelle_des_bois";0;-0,537570293;1,267432528;1,833665608;-0,778204391;1
"A_143";457;"143A_1";"pouillot_veloce";1;-0,537570293;1,267432528;1,833665608;-0,778204391;1
"A_143";2125;"143C_1";"grive_draine";1;-0,537570293;1,267432528;1,833665608;-0,778204391;1
"A_143";1913;"143A_1";"accenteur_mouchet";2;-0,537570293;1,267432528;1,833665608;-0,778204391;1
"A_143";877;"143C_1";"pic_epeiche";2;-0,537570293;1,267432528;1,833665608;-0,778204391;1
"A_143";461;"143C_1";"pouillot_veloce";5;-0,537570293;1,267432528;1,833665608;-0,778204391;1
"A_143";671;"143D_1";"tourterelle_des_bois";0;-0,537570293;1,267432528;1,833665608;-0,778204391;1
"A_143";875;"143B_1";"pic_epeiche";0;-0,537570293;1,267432528;1,833665608;-0,778204391;1
"A_143";249;"143A_1";"corneille_noire";0;-0,537570293;1,267432528;1,833665608;-0,778204391;1
"A_143";873;"143A_1";"pic_epeiche";0;-0,537570293;1,267432528;1,833665608;-0,778204391;1
"A_16";845;"016C_1";"pic_epeiche";0;-0,948653458;-2,123973967;-0,060844736;0,817057322;1
"A_16";1049;"016A_1";"etourneau_sansonnet";2;-0,948653458;-2,123973967;-0,060844736;0,817057322;1
"A_16";841;"016A_1";"pic_epeiche";0;-0,948653458;-2,123973967;-0,060844736;0,817057322;1
"A_16";843;"016B_1";"pic_epeiche";0;-0,948653458;-2,123973967;-0,060844736;0,817057322;1
"A_16";221;"016C_1";"corneille_noire";13;-0,948653458;-2,123973967;-0,060844736;0,817057322;1
"A_16";425;"016A_1";"pouillot_veloce";2;-0,948653458;-2,123973967;-0,060844736;0,817057322;1
"A_16";15;"016D_1";"pinson_des_arbres";4;-0,948653458;-2,123973967;-0,060844736;0,817057322;1
"A_16";847;"016D_1";"pic_epeiche";1;-0,948653458;-2,123973967;-0,060844736;0,817057322;1
"A_16";2089;"016A_1";"grive_draine";0;-0,948653458;-2,123973967;-0,060844736;0,817057322;1
"A_16";639;"016D_1";"tourterelle_des_bois";0;-0,948653458;-2,123973967;-0,060844736;0,817057322;1
"A_16";1053;"016C_1";"etourneau_sansonnet";2;-0,948653458;-2,123973967;-0,060844736;0,817057322;1
"A_16";13;"016C_1";"pinson_des_arbres";3;-0,948653458;-2,123973967;-0,060844736;0,817057322;1
"A_16";1885;"016C_1";"accenteur_mouchet";0;-0,948653458;-2,123973967;-0,060844736;0,817057322;1
"A_16";1465;"016A_1";"mesange_a_longue_queue";0;-0,948653458;-2,123973967;-0,060844736;0,817057322;1
"A_16";1887;"016D_1";"accenteur_mouchet";2;-0,948653458;-2,123973967;-0,060844736;0,817057322;1
"A_16";219;"016B_1";"corneille_noire";6;-0,948653458;-2,123973967;-0,060844736;0,817057322;1
"A_16";635;"016B_1";"tourterelle_des_bois";0;-0,948653458;-2,123973967;-0,060844736;0,817057322;1
"A_16";223;"016D_1";"corneille_noire";12;-0,948653458;-2,123973967;-0,060844736;0,817057322;1
"A_16";1881;"016A_1";"accenteur_mouchet";0;-0,948653458;-2,123973967;-0,060844736;0,817057322;1
"A_16";11;"016B_1";"pinson_des_arbres";1;-0,948653458;-2,123973967;-0,060844736;0,817057322;1
"A_16";429;"016C_1";"pouillot_veloce";3;-0,948653458;-2,123973967;-0,060844736;0,817057322;1
"A_16";431;"016D_1";"pouillot_veloce";1;-0,948653458;-2,123973967;-0,060844736;0,817057322;1
"A_16";217;"016A_1";"corneille_noire";8;-0,948653458;-2,123973967;-0,060844736;0,817057322;1
"A_16";1051;"016B_1";"etourneau_sansonnet";0;-0,948653458;-2,123973967;-0,060844736;0,817057322;1
"A_16";633;"016A_1";"tourterelle_des_bois";0;-0,948653458;-2,123973967;-0,060844736;0,817057322;1
"A_16";637;"016C_1";"tourterelle_des_bois";0;-0,948653458;-2,123973967;-0,060844736;0,817057322;1
"A_16";1467;"016B_1";"mesange_a_longue_queue";0;-0,948653458;-2,123973967;-0,060844736;0,817057322;1
"A_16";9;"016A_1";"pinson_des_arbres";3;-0,948653458;-2,123973967;-0,060844736;0,817057322;1
"A_16";1471;"016D_1";"mesange_a_longue_queue";0;-0,948653458;-2,123973967;-0,060844736;0,817057322;1
"A_16";1055;"016D_1";"etourneau_sansonnet";28;-0,948653458;-2,123973967;-0,060844736;0,817057322;1
"A_16";1883;"016B_1";"accenteur_mouchet";2;-0,948653458;-2,123973967;-0,060844736;0,817057322;1
"A_16";2093;"016C_1";"grive_draine";0;-0,948653458;-2,123973967;-0,060844736;0,817057322;1
"A_16";2095;"016D_1";"grive_draine";0;-0,948653458;-2,123973967;-0,060844736;0,817057322;1
"A_16";427;"016B_1";"pouillot_veloce";2;-0,948653458;-2,123973967;-0,060844736;0,817057322;1
"A_16";1469;"016C_1";"mesange_a_longue_queue";0;-0,948653458;-2,123973967;-0,060844736;0,817057322;1
"A_16";2091;"016B_1";"grive_draine";0;-0,948653458;-2,123973967;-0,060844736;0,817057322;1
"A_166";259;"166B_1";"corneille_noire";1;1,908804699;-0,939597786;-0,928692592;-0,704835743;1
"A_166";1925;"166C_1";"accenteur_mouchet";0;1,908804699;-0,939597786;-0,928692592;-0,704835743;1
"A_166";1505;"166A_1";"mesange_a_longue_queue";0;1,908804699;-0,939597786;-0,928692592;-0,704835743;1
"A_166";261;"166C_1";"corneille_noire";4;1,908804699;-0,939597786;-0,928692592;-0,704835743;1
"A_166";679;"166D_1";"tourterelle_des_bois";0;1,908804699;-0,939597786;-0,928692592;-0,704835743;1
"A_166";55;"166D_1";"pinson_des_arbres";6;1,908804699;-0,939597786;-0,928692592;-0,704835743;1
"A_166";885;"166C_1";"pic_epeiche";0;1,908804699;-0,939597786;-0,928692592;-0,704835743;1
"A_166";887;"166D_1";"pic_epeiche";0;1,908804699;-0,939597786;-0,928692592;-0,704835743;1
"A_166";263;"166D_1";"corneille_noire";4;1,908804699;-0,939597786;-0,928692592;-0,704835743;1
"A_166";53;"166C_1";"pinson_des_arbres";4;1,908804699;-0,939597786;-0,928692592;-0,704835743;1
"A_166";257;"166A_1";"corneille_noire";3;1,908804699;-0,939597786;-0,928692592;-0,704835743;1
"A_166";1095;"166D_1";"etourneau_sansonnet";1;1,908804699;-0,939597786;-0,928692592;-0,704835743;1
"A_166";1509;"166C_1";"mesange_a_longue_queue";3;1,908804699;-0,939597786;-0,928692592;-0,704835743;1
"A_166";51;"166B_1";"pinson_des_arbres";2;1,908804699;-0,939597786;-0,928692592;-0,704835743;1
"A_166";1089;"166A_1";"etourneau_sansonnet";0;1,908804699;-0,939597786;-0,928692592;-0,704835743;1
"A_166";677;"166C_1";"tourterelle_des_bois";0;1,908804699;-0,939597786;-0,928692592;-0,704835743;1
"A_166";2129;"166A_1";"grive_draine";0;1,908804699;-0,939597786;-0,928692592;-0,704835743;1
"A_166";881;"166A_1";"pic_epeiche";0;1,908804699;-0,939597786;-0,928692592;-0,704835743;1
"A_166";883;"166B_1";"pic_epeiche";1;1,908804699;-0,939597786;-0,928692592;-0,704835743;1
"A_166";2135;"166D_1";"grive_draine";0;1,908804699;-0,939597786;-0,928692592;-0,704835743;1
"A_166";1511;"166D_1";"mesange_a_longue_queue";0;1,908804699;-0,939597786;-0,928692592;-0,704835743;1
"A_166";471;"166D_1";"pouillot_veloce";2;1,908804699;-0,939597786;-0,928692592;-0,704835743;1
"A_166";1093;"166C_1";"etourneau_sansonnet";7;1,908804699;-0,939597786;-0,928692592;-0,704835743;1
"A_166";1091;"166B_1";"etourneau_sansonnet";2;1,908804699;-0,939597786;-0,928692592;-0,704835743;1
"A_166";2133;"166C_1";"grive_draine";0;1,908804699;-0,939597786;-0,928692592;-0,704835743;1
"A_166";49;"166A_1";"pinson_des_arbres";3;1,908804699;-0,939597786;-0,928692592;-0,704835743;1
"A_166";1507;"166B_1";"mesange_a_longue_queue";0;1,908804699;-0,939597786;-0,928692592;-0,704835743;1
"A_166";465;"166A_1";"pouillot_veloce";1;1,908804699;-0,939597786;-0,928692592;-0,704835743;1
"A_166";1927;"166D_1";"accenteur_mouchet";1;1,908804699;-0,939597786;-0,928692592;-0,704835743;1
"A_166";469;"166C_1";"pouillot_veloce";1;1,908804699;-0,939597786;-0,928692592;-0,704835743;1
"A_166";675;"166B_1";"tourterelle_des_bois";0;1,908804699;-0,939597786;-0,928692592;-0,704835743;1
"A_166";2131;"166B_1";"grive_draine";6;1,908804699;-0,939597786;-0,928692592;-0,704835743;1
"A_166";673;"166A_1";"tourterelle_des_bois";0;1,908804699;-0,939597786;-0,928692592;-0,704835743;1
"A_166";1923;"166B_1";"accenteur_mouchet";1;1,908804699;-0,939597786;-0,928692592;-0,704835743;1
"A_166";467;"166B_1";"pouillot_veloce";3;1,908804699;-0,939597786;-0,928692592;-0,704835743;1
"A_166";1921;"166A_1";"accenteur_mouchet";1;1,908804699;-0,939597786;-0,928692592;-0,704835743;1
"A_182";481;"182A_1";"pouillot_veloce";3;1,28735468;0,230508803;0,853419343;0,716954162;1
"A_182";1521;"182A_1";"mesange_a_longue_queue";0;1,28735468;0,230508803;0,853419343;0,716954162;1
"A_182";276;"182D_1";"corneille_noire";6;1,28735468;0,230508803;0,853419343;0,716954162;1
"A_182";2147;"182C_1";"grive_draine";0;1,28735468;0,230508803;0,853419343;0,716954162;1
"A_182";690;"182B_1";"tourterelle_des_bois";0;1,28735468;0,230508803;0,853419343;0,716954162;1
"A_182";2148;"182D_1";"grive_draine";0;1,28735468;0,230508803;0,853419343;0,716954162;1
"A_182";897;"182A_1";"pic_epeiche";0;1,28735468;0,230508803;0,853419343;0,716954162;1
"A_182";273;"182A_1";"corneille_noire";3;1,28735468;0,230508803;0,853419343;0,716954162;1
"A_182";275;"182C_1";"corneille_noire";7;1,28735468;0,230508803;0,853419343;0,716954162;1
"A_182";691;"182C_1";"tourterelle_des_bois";0;1,28735468;0,230508803;0,853419343;0,716954162;1
"A_182";1105;"182A_1";"etourneau_sansonnet";4;1,28735468;0,230508803;0,853419343;0,716954162;1
"A_182";898;"182B_1";"pic_epeiche";0;1,28735468;0,230508803;0,853419343;0,716954162;1
"A_182";482;"182B_1";"pouillot_veloce";3;1,28735468;0,230508803;0,853419343;0,716954162;1
"A_182";2146;"182B_1";"grive_draine";0;1,28735468;0,230508803;0,853419343;0,716954162;1
"A_182";1940;"182D_1";"accenteur_mouchet";0;1,28735468;0,230508803;0,853419343;0,716954162;1
"A_182";274;"182B_1";"corneille_noire";3;1,28735468;0,230508803;0,853419343;0,716954162;1
"A_182";692;"182D_1";"tourterelle_des_bois";0;1,28735468;0,230508803;0,853419343;0,716954162;1
"A_182";1107;"182C_1";"etourneau_sansonnet";0;1,28735468;0,230508803;0,853419343;0,716954162;1
"A_182";2145;"182A_1";"grive_draine";0;1,28735468;0,230508803;0,853419343;0,716954162;1
"A_182";67;"182C_1";"pinson_des_arbres";3;1,28735468;0,230508803;0,853419343;0,716954162;1
"A_182";1522;"182B_1";"mesange_a_longue_queue";0;1,28735468;0,230508803;0,853419343;0,716954162;1
"A_182";899;"182C_1";"pic_epeiche";2;1,28735468;0,230508803;0,853419343;0,716954162;1
"A_182";483;"182C_1";"pouillot_veloce";2;1,28735468;0,230508803;0,853419343;0,716954162;1
"A_182";900;"182D_1";"pic_epeiche";0;1,28735468;0,230508803;0,853419343;0,716954162;1
"A_182";1106;"182B_1";"etourneau_sansonnet";3;1,28735468;0,230508803;0,853419343;0,716954162;1
"A_182";68;"182D_1";"pinson_des_arbres";2;1,28735468;0,230508803;0,853419343;0,716954162;1
"A_182";689;"182A_1";"tourterelle_des_bois";0;1,28735468;0,230508803;0,853419343;0,716954162;1
"A_182";1939;"182C_1";"accenteur_mouchet";0;1,28735468;0,230508803;0,853419343;0,716954162;1
"A_182";1108;"182D_1";"etourneau_sansonnet";0;1,28735468;0,230508803;0,853419343;0,716954162;1
"A_182";65;"182A_1";"pinson_des_arbres";4;1,28735468;0,230508803;0,853419343;0,716954162;1
"A_182";1524;"182D_1";"mesange_a_longue_queue";0;1,28735468;0,230508803;0,853419343;0,716954162;1
"A_182";484;"182D_1";"pouillot_veloce";1;1,28735468;0,230508803;0,853419343;0,716954162;1
"A_182";66;"182B_1";"pinson_des_arbres";3;1,28735468;0,230508803;0,853419343;0,716954162;1
"A_182";1938;"182B_1";"accenteur_mouchet";0;1,28735468;0,230508803;0,853419343;0,716954162;1
"A_182";1523;"182C_1";"mesange_a_longue_queue";0;1,28735468;0,230508803;0,853419343;0,716954162;1
"A_182";1937;"182A_1";"accenteur_mouchet";1;1,28735468;0,230508803;0,853419343;0,716954162;1
"A_199";2149;"199A_1";"grive_draine";0;-1,23854377;-0,820684515;-1,071329308;-0,929265022;1
"A_199";489;"199C_1";"pouillot_veloce";1;-1,23854377;-0,820684515;-1,071329308;-0,929265022;1
"A_199";279;"199B_1";"corneille_noire";2;-1,23854377;-0,820684515;-1,071329308;-0,929265022;1
"A_199";487;"199B_1";"pouillot_veloce";1;-1,23854377;-0,820684515;-1,071329308;-0,929265022;1
"A_199";1109;"199A_1";"etourneau_sansonnet";0;-1,23854377;-0,820684515;-1,071329308;-0,929265022;1
"A_199";1947;"199D_1";"accenteur_mouchet";0;-1,23854377;-0,820684515;-1,071329308;-0,929265022;1
"A_199";277;"199A_1";"corneille_noire";2;-1,23854377;-0,820684515;-1,071329308;-0,929265022;1
"A_199";283;"199D_1";"corneille_noire";3;-1,23854377;-0,820684515;-1,071329308;-0,929265022;1
"A_199";71;"199B_1";"pinson_des_arbres";5;-1,23854377;-0,820684515;-1,071329308;-0,929265022;1
"A_199";73;"199C_1";"pinson_des_arbres";4;-1,23854377;-0,820684515;-1,071329308;-0,929265022;1
"A_199";1111;"199B_1";"etourneau_sansonnet";2;-1,23854377;-0,820684515;-1,071329308;-0,929265022;1
"A_199";1113;"199C_1";"etourneau_sansonnet";7;-1,23854377;-0,820684515;-1,071329308;-0,929265022;1
"A_199";281;"199C_1";"corneille_noire";6;-1,23854377;-0,820684515;-1,071329308;-0,929265022;1
"A_199";905;"199C_1";"pic_epeiche";0;-1,23854377;-0,820684515;-1,071329308;-0,929265022;1
"A_199";903;"199B_1";"pic_epeiche";0;-1,23854377;-0,820684515;-1,071329308;-0,929265022;1
"A_199";485;"199A_1";"pouillot_veloce";1;-1,23854377;-0,820684515;-1,071329308;-0,929265022;1
"A_199";75;"199D_1";"pinson_des_arbres";4;-1,23854377;-0,820684515;-1,071329308;-0,929265022;1
"A_199";491;"199D_1";"pouillot_veloce";3;-1,23854377;-0,820684515;-1,071329308;-0,929265022;1
"A_199";695;"199B_1";"tourterelle_des_bois";0;-1,23854377;-0,820684515;-1,071329308;-0,929265022;1
"A_199";2151;"199B_1";"grive_draine";0;-1,23854377;-0,820684515;-1,071329308;-0,929265022;1
"A_199";1529;"199C_1";"mesange_a_longue_queue";1;-1,23854377;-0,820684515;-1,071329308;-0,929265022;1
"A_199";69;"199A_1";"pinson_des_arbres";2;-1,23854377;-0,820684515;-1,071329308;-0,929265022;1
"A_199";907;"199D_1";"pic_epeiche";0;-1,23854377;-0,820684515;-1,071329308;-0,929265022;1
"A_199";693;"199A_1";"tourterelle_des_bois";0;-1,23854377;-0,820684515;-1,071329308;-0,929265022;1
"A_199";2153;"199C_1";"grive_draine";0;-1,23854377;-0,820684515;-1,071329308;-0,929265022;1
"A_199";699;"199D_1";"tourterelle_des_bois";0;-1,23854377;-0,820684515;-1,071329308;-0,929265022;1
"A_199";2155;"199D_1";"grive_draine";1;-1,23854377;-0,820684515;-1,071329308;-0,929265022;1
"A_199";1531;"199D_1";"mesange_a_longue_queue";0;-1,23854377;-0,820684515;-1,071329308;-0,929265022;1
"A_199";1943;"199B_1";"accenteur_mouchet";1;-1,23854377;-0,820684515;-1,071329308;-0,929265022;1
"A_199";901;"199A_1";"pic_epeiche";0;-1,23854377;-0,820684515;-1,071329308;-0,929265022;1
"A_199";1945;"199C_1";"accenteur_mouchet";1;-1,23854377;-0,820684515;-1,071329308;-0,929265022;1
"A_199";1527;"199B_1";"mesange_a_longue_queue";0;-1,23854377;-0,820684515;-1,071329308;-0,929265022;1
"A_199";697;"199C_1";"tourterelle_des_bois";0;-1,23854377;-0,820684515;-1,071329308;-0,929265022;1
"A_199";1941;"199A_1";"accenteur_mouchet";1;-1,23854377;-0,820684515;-1,071329308;-0,929265022;1
"A_199";1525;"199A_1";"mesange_a_longue_queue";0;-1,23854377;-0,820684515;-1,071329308;-0,929265022;1
"A_199";1115;"199D_1";"etourneau_sansonnet";2;-1,23854377;-0,820684515;-1,071329308;-0,929265022;1
"A_213";78;"213B_1";"pinson_des_arbres";4;0,696277686;0,068786754;-0,136991059;-1,122936355;1
"A_213";2160;"213D_1";"grive_draine";0;0,696277686;0,068786754;-0,136991059;-1,122936355;1
"A_213";1949;"213A_1";"accenteur_mouchet";1;0,696277686;0,068786754;-0,136991059;-1,122936355;1
"A_213";288;"213D_1";"corneille_noire";5;0,696277686;0,068786754;-0,136991059;-1,122936355;1
"A_213";1950;"213B_1";"accenteur_mouchet";0;0,696277686;0,068786754;-0,136991059;-1,122936355;1
"A_213";910;"213B_1";"pic_epeiche";0;0,696277686;0,068786754;-0,136991059;-1,122936355;1
"A_213";80;"213D_1";"pinson_des_arbres";5;0,696277686;0,068786754;-0,136991059;-1,122936355;1
"A_213";79;"213C_1";"pinson_des_arbres";3;0,696277686;0,068786754;-0,136991059;-1,122936355;1
"A_213";1536;"213D_1";"mesange_a_longue_queue";0;0,696277686;0,068786754;-0,136991059;-1,122936355;1
"A_213";77;"213A_1";"pinson_des_arbres";3;0,696277686;0,068786754;-0,136991059;-1,122936355;1
"A_213";496;"213D_1";"pouillot_veloce";3;0,696277686;0,068786754;-0,136991059;-1,122936355;1
"A_213";1951;"213C_1";"accenteur_mouchet";0;0,696277686;0,068786754;-0,136991059;-1,122936355;1
"A_213";704;"213D_1";"tourterelle_des_bois";1;0,696277686;0,068786754;-0,136991059;-1,122936355;1
"A_213";2158;"213B_1";"grive_draine";0;0,696277686;0,068786754;-0,136991059;-1,122936355;1
"A_213";2159;"213C_1";"grive_draine";0;0,696277686;0,068786754;-0,136991059;-1,122936355;1
"A_213";701;"213A_1";"tourterelle_des_bois";1;0,696277686;0,068786754;-0,136991059;-1,122936355;1
"A_213";912;"213D_1";"pic_epeiche";0;0,696277686;0,068786754;-0,136991059;-1,122936355;1
"A_213";1535;"213C_1";"mesange_a_longue_queue";0;0,696277686;0,068786754;-0,136991059;-1,122936355;1
"A_213";703;"213C_1";"tourterelle_des_bois";0;0,696277686;0,068786754;-0,136991059;-1,122936355;1
"A_213";495;"213C_1";"pouillot_veloce";3;0,696277686;0,068786754;-0,136991059;-1,122936355;1
"A_213";494;"213B_1";"pouillot_veloce";4;0,696277686;0,068786754;-0,136991059;-1,122936355;1
"A_213";1952;"213D_1";"accenteur_mouchet";0;0,696277686;0,068786754;-0,136991059;-1,122936355;1
"A_213";286;"213B_1";"corneille_noire";4;0,696277686;0,068786754;-0,136991059;-1,122936355;1
"A_213";702;"213B_1";"tourterelle_des_bois";1;0,696277686;0,068786754;-0,136991059;-1,122936355;1
"A_213";1119;"213C_1";"etourneau_sansonnet";3;0,696277686;0,068786754;-0,136991059;-1,122936355;1
"A_213";287;"213C_1";"corneille_noire";6;0,696277686;0,068786754;-0,136991059;-1,122936355;1
"A_213";1533;"213A_1";"mesange_a_longue_queue";0;0,696277686;0,068786754;-0,136991059;-1,122936355;1
"A_213";2157;"213A_1";"grive_draine";0;0,696277686;0,068786754;-0,136991059;-1,122936355;1
"A_213";909;"213A_1";"pic_epeiche";0;0,696277686;0,068786754;-0,136991059;-1,122936355;1
"A_213";911;"213C_1";"pic_epeiche";2;0,696277686;0,068786754;-0,136991059;-1,122936355;1
"A_213";493;"213A_1";"pouillot_veloce";4;0,696277686;0,068786754;-0,136991059;-1,122936355;1
"A_213";1118;"213B_1";"etourneau_sansonnet";0;0,696277686;0,068786754;-0,136991059;-1,122936355;1
"A_213";1117;"213A_1";"etourneau_sansonnet";0;0,696277686;0,068786754;-0,136991059;-1,122936355;1
"A_213";1120;"213D_1";"etourneau_sansonnet";1;0,696277686;0,068786754;-0,136991059;-1,122936355;1
"A_213";285;"213A_1";"corneille_noire";11;0,696277686;0,068786754;-0,136991059;-1,122936355;1
"A_213";1534;"213B_1";"mesange_a_longue_queue";0;0,696277686;0,068786754;-0,136991059;-1,122936355;1
"A_242";1124;"242D_1";"etourneau_sansonnet";5;1,078109983;1,510015601;1,14436775;2,189707726;1
"A_242";1538;"242B_1";"mesange_a_longue_queue";0;1,078109983;1,510015601;1,14436775;2,189707726;1
"A_242";497;"242A_1";"pouillot_veloce";2;1,078109983;1,510015601;1,14436775;2,189707726;1
"A_242";1953;"242A_1";"accenteur_mouchet";0;1,078109983;1,510015601;1,14436775;2,189707726;1
"A_242";913;"242A_1";"pic_epeiche";0;1,078109983;1,510015601;1,14436775;2,189707726;1
"A_242";1956;"242D_1";"accenteur_mouchet";0;1,078109983;1,510015601;1,14436775;2,189707726;1
"A_242";707;"242C_1";"tourterelle_des_bois";0;1,078109983;1,510015601;1,14436775;2,189707726;1
"A_242";706;"242B_1";"tourterelle_des_bois";0;1,078109983;1,510015601;1,14436775;2,189707726;1
"A_242";290;"242B_1";"corneille_noire";1;1,078109983;1,510015601;1,14436775;2,189707726;1
"A_242";82;"242B_1";"pinson_des_arbres";6;1,078109983;1,510015601;1,14436775;2,189707726;1
"A_242";1537;"242A_1";"mesange_a_longue_queue";0;1,078109983;1,510015601;1,14436775;2,189707726;1
"A_242";292;"242D_1";"corneille_noire";1;1,078109983;1,510015601;1,14436775;2,189707726;1
"A_242";2164;"242D_1";"grive_draine";0;1,078109983;1,510015601;1,14436775;2,189707726;1
"A_242";1123;"242C_1";"etourneau_sansonnet";2;1,078109983;1,510015601;1,14436775;2,189707726;1
"A_242";500;"242D_1";"pouillot_veloce";1;1,078109983;1,510015601;1,14436775;2,189707726;1
"A_242";499;"242C_1";"pouillot_veloce";2;1,078109983;1,510015601;1,14436775;2,189707726;1
"A_242";289;"242A_1";"corneille_noire";3;1,078109983;1,510015601;1,14436775;2,189707726;1
"A_242";914;"242B_1";"pic_epeiche";0;1,078109983;1,510015601;1,14436775;2,189707726;1
"A_242";84;"242D_1";"pinson_des_arbres";4;1,078109983;1,510015601;1,14436775;2,189707726;1
"A_242";705;"242A_1";"tourterelle_des_bois";0;1,078109983;1,510015601;1,14436775;2,189707726;1
"A_242";916;"242D_1";"pic_epeiche";0;1,078109983;1,510015601;1,14436775;2,189707726;1
"A_242";915;"242C_1";"pic_epeiche";0;1,078109983;1,510015601;1,14436775;2,189707726;1
"A_242";81;"242A_1";"pinson_des_arbres";3;1,078109983;1,510015601;1,14436775;2,189707726;1
"A_242";291;"242C_1";"corneille_noire";1;1,078109983;1,510015601;1,14436775;2,189707726;1
"A_242";1955;"242C_1";"accenteur_mouchet";1;1,078109983;1,510015601;1,14436775;2,189707726;1
"A_242";1121;"242A_1";"etourneau_sansonnet";4;1,078109983;1,510015601;1,14436775;2,189707726;1
"A_242";1122;"242B_1";"etourneau_sansonnet";1;1,078109983;1,510015601;1,14436775;2,189707726;1
"A_242";1540;"242D_1";"mesange_a_longue_queue";0;1,078109983;1,510015601;1,14436775;2,189707726;1
"A_242";708;"242D_1";"tourterelle_des_bois";0;1,078109983;1,510015601;1,14436775;2,189707726;1
"A_242";498;"242B_1";"pouillot_veloce";3;1,078109983;1,510015601;1,14436775;2,189707726;1
"A_242";2162;"242B_1";"grive_draine";0;1,078109983;1,510015601;1,14436775;2,189707726;1
"A_242";83;"242C_1";"pinson_des_arbres";3;1,078109983;1,510015601;1,14436775;2,189707726;1
"A_242";1539;"242C_1";"mesange_a_longue_queue";0;1,078109983;1,510015601;1,14436775;2,189707726;1
"A_242";1954;"242B_1";"accenteur_mouchet";0;1,078109983;1,510015601;1,14436775;2,189707726;1
"A_242";2163;"242C_1";"grive_draine";0;1,078109983;1,510015601;1,14436775;2,189707726;1
"A_242";2161;"242A_1";"grive_draine";0;1,078109983;1,510015601;1,14436775;2,189707726;1
"A_25";643;"025C_1";"tourterelle_des_bois";0;0,43541381;0,549196369;0,327509979;0,180752519;1
"A_25";20;"025D_1";"pinson_des_arbres";5;0,43541381;0,549196369;0,327509979;0,180752519;1
"A_25";642;"025B_1";"tourterelle_des_bois";0;0,43541381;0,549196369;0,327509979;0,180752519;1
"A_25";641;"025A_1";"tourterelle_des_bois";0;0,43541381;0,549196369;0,327509979;0,180752519;1
"A_25";19;"025C_1";"pinson_des_arbres";3;0,43541381;0,549196369;0,327509979;0,180752519;1
"A_25";18;"025B_1";"pinson_des_arbres";2;0,43541381;0,549196369;0,327509979;0,180752519;1
"A_25";852;"025D_1";"pic_epeiche";0;0,43541381;0,549196369;0,327509979;0,180752519;1
"A_25";850;"025B_1";"pic_epeiche";0;0,43541381;0,549196369;0,327509979;0,180752519;1
"A_25";1891;"025C_1";"accenteur_mouchet";1;0,43541381;0,549196369;0,327509979;0,180752519;1
"A_25";644;"025D_1";"tourterelle_des_bois";0;0,43541381;0,549196369;0,327509979;0,180752519;1
"A_25";436;"025D_1";"pouillot_veloce";2;0,43541381;0,549196369;0,327509979;0,180752519;1
"A_25";1892;"025D_1";"accenteur_mouchet";0;0,43541381;0,549196369;0,327509979;0,180752519;1
"A_25";2099;"025C_1";"grive_draine";0;0,43541381;0,549196369;0,327509979;0,180752519;1
"A_25";849;"025A_1";"pic_epeiche";0;0,43541381;0,549196369;0,327509979;0,180752519;1
"A_25";1475;"025C_1";"mesange_a_longue_queue";0;0,43541381;0,549196369;0,327509979;0,180752519;1
"A_25";17;"025A_1";"pinson_des_arbres";5;0,43541381;0,549196369;0,327509979;0,180752519;1
"A_25";1890;"025B_1";"accenteur_mouchet";0;0,43541381;0,549196369;0,327509979;0,180752519;1
"A_25";1889;"025A_1";"accenteur_mouchet";1;0,43541381;0,549196369;0,327509979;0,180752519;1
"A_25";1059;"025C_1";"etourneau_sansonnet";5;0,43541381;0,549196369;0,327509979;0,180752519;1
"A_25";435;"025C_1";"pouillot_veloce";2;0,43541381;0,549196369;0,327509979;0,180752519;1
"A_25";1476;"025D_1";"mesange_a_longue_queue";0;0,43541381;0,549196369;0,327509979;0,180752519;1
"A_25";227;"025C_1";"corneille_noire";8;0,43541381;0,549196369;0,327509979;0,180752519;1
"A_25";1058;"025B_1";"etourneau_sansonnet";0;0,43541381;0,549196369;0,327509979;0,180752519;1
"A_25";851;"025C_1";"pic_epeiche";0;0,43541381;0,549196369;0,327509979;0,180752519;1
"A_25";1474;"025B_1";"mesange_a_longue_queue";0;0,43541381;0,549196369;0,327509979;0,180752519;1
"A_25";2097;"025A_1";"grive_draine";0;0,43541381;0,549196369;0,327509979;0,180752519;1
"A_25";1473;"025A_1";"mesange_a_longue_queue";0;0,43541381;0,549196369;0,327509979;0,180752519;1
"A_25";1060;"025D_1";"etourneau_sansonnet";0;0,43541381;0,549196369;0,327509979;0,180752519;1
"A_25";433;"025A_1";"pouillot_veloce";1;0,43541381;0,549196369;0,327509979;0,180752519;1
"A_25";434;"025B_1";"pouillot_veloce";2;0,43541381;0,549196369;0,327509979;0,180752519;1
"A_25";225;"025A_1";"corneille_noire";7;0,43541381;0,549196369;0,327509979;0,180752519;1
"A_25";1057;"025A_1";"etourneau_sansonnet";1;0,43541381;0,549196369;0,327509979;0,180752519;1
"A_25";226;"025B_1";"corneille_noire";2;0,43541381;0,549196369;0,327509979;0,180752519;1
"A_25";2100;"025D_1";"grive_draine";2;0,43541381;0,549196369;0,327509979;0,180752519;1
"A_25";2098;"025B_1";"grive_draine";0;0,43541381;0,549196369;0,327509979;0,180752519;1
"A_25";228;"025D_1";"corneille_noire";5;0,43541381;0,549196369;0,327509979;0,180752519;1
"A_260";1127;"260C_1";"etourneau_sansonnet";4;-1,563744592;0,10208247;-1,088269535;0,784588511;1
"A_260";501;"260A_1";"pouillot_veloce";3;-1,563744592;0,10208247;-1,088269535;0,784588511;1
"A_260";503;"260C_1";"pouillot_veloce";3;-1,563744592;0,10208247;-1,088269535;0,784588511;1
"A_260";1126;"260B_1";"etourneau_sansonnet";1;-1,563744592;0,10208247;-1,088269535;0,784588511;1
"A_260";710;"260B_1";"tourterelle_des_bois";0;-1,563744592;0,10208247;-1,088269535;0,784588511;1
"A_260";917;"260A_1";"pic_epeiche";0;-1,563744592;0,10208247;-1,088269535;0,784588511;1
"A_260";919;"260C_1";"pic_epeiche";0;-1,563744592;0,10208247;-1,088269535;0,784588511;1
"A_260";88;"260D_1";"pinson_des_arbres";5;-1,563744592;0,10208247;-1,088269535;0,784588511;1
"A_260";87;"260C_1";"pinson_des_arbres";3;-1,563744592;0,10208247;-1,088269535;0,784588511;1
"A_260";504;"260D_1";"pouillot_veloce";2;-1,563744592;0,10208247;-1,088269535;0,784588511;1
"A_260";2168;"260D_1";"grive_draine";0;-1,563744592;0,10208247;-1,088269535;0,784588511;1
"A_260";1542;"260B_1";"mesange_a_longue_queue";0;-1,563744592;0,10208247;-1,088269535;0,784588511;1
"A_260";1957;"260A_1";"accenteur_mouchet";0;-1,563744592;0,10208247;-1,088269535;0,784588511;1
"A_260";1128;"260D_1";"etourneau_sansonnet";1;-1,563744592;0,10208247;-1,088269535;0,784588511;1
"A_260";85;"260A_1";"pinson_des_arbres";3;-1,563744592;0,10208247;-1,088269535;0,784588511;1
"A_260";1958;"260B_1";"accenteur_mouchet";1;-1,563744592;0,10208247;-1,088269535;0,784588511;1
"A_260";711;"260C_1";"tourterelle_des_bois";0;-1,563744592;0,10208247;-1,088269535;0,784588511;1
"A_260";1125;"260A_1";"etourneau_sansonnet";1;-1,563744592;0,10208247;-1,088269535;0,784588511;1
"A_260";1960;"260D_1";"accenteur_mouchet";1;-1,563744592;0,10208247;-1,088269535;0,784588511;1
"A_260";295;"260C_1";"corneille_noire";2;-1,563744592;0,10208247;-1,088269535;0,784588511;1
"A_260";296;"260D_1";"corneille_noire";2;-1,563744592;0,10208247;-1,088269535;0,784588511;1
"A_260";502;"260B_1";"pouillot_veloce";2;-1,563744592;0,10208247;-1,088269535;0,784588511;1
"A_260";2167;"260C_1";"grive_draine";0;-1,563744592;0,10208247;-1,088269535;0,784588511;1
"A_260";920;"260D_1";"pic_epeiche";0;-1,563744592;0,10208247;-1,088269535;0,784588511;1
"A_260";1543;"260C_1";"mesange_a_longue_queue";1;-1,563744592;0,10208247;-1,088269535;0,784588511;1
"A_260";1959;"260C_1";"accenteur_mouchet";1;-1,563744592;0,10208247;-1,088269535;0,784588511;1
"A_260";712;"260D_1";"tourterelle_des_bois";0;-1,563744592;0,10208247;-1,088269535;0,784588511;1
"A_260";1541;"260A_1";"mesange_a_longue_queue";0;-1,563744592;0,10208247;-1,088269535;0,784588511;1
"A_260";709;"260A_1";"tourterelle_des_bois";0;-1,563744592;0,10208247;-1,088269535;0,784588511;1
"A_260";2165;"260A_1";"grive_draine";0;-1,563744592;0,10208247;-1,088269535;0,784588511;1
"A_260";918;"260B_1";"pic_epeiche";0;-1,563744592;0,10208247;-1,088269535;0,784588511;1
"A_260";86;"260B_1";"pinson_des_arbres";7;-1,563744592;0,10208247;-1,088269535;0,784588511;1
"A_260";293;"260A_1";"corneille_noire";2;-1,563744592;0,10208247;-1,088269535;0,784588511;1
"A_260";2166;"260B_1";"grive_draine";0;-1,563744592;0,10208247;-1,088269535;0,784588511;1
"A_260";1544;"260D_1";"mesange_a_longue_queue";0;-1,563744592;0,10208247;-1,088269535;0,784588511;1
"A_260";294;"260B_1";"corneille_noire";1;-1,563744592;0,10208247;-1,088269535;0,784588511;1
"A_271";303;"271D_1";"corneille_noire";7;-0,992941216;-0,268926936;-2,000161983;0,047606929;1
"A_271";927;"271D_1";"pic_epeiche";1;-0,992941216;-0,268926936;-2,000161983;0,047606929;1
"A_271";1129;"271A_1";"etourneau_sansonnet";0;-0,992941216;-0,268926936;-2,000161983;0,047606929;1
"A_271";507;"271B_1";"pouillot_veloce";2;-0,992941216;-0,268926936;-2,000161983;0,047606929;1
"A_271";299;"271B_1";"corneille_noire";1;-0,992941216;-0,268926936;-2,000161983;0,047606929;1
"A_271";2171;"271B_1";"grive_draine";1;-0,992941216;-0,268926936;-2,000161983;0,047606929;1
"A_271";925;"271C_1";"pic_epeiche";0;-0,992941216;-0,268926936;-2,000161983;0,047606929;1
"A_271";1131;"271B_1";"etourneau_sansonnet";0;-0,992941216;-0,268926936;-2,000161983;0,047606929;1
"A_271";715;"271B_1";"tourterelle_des_bois";0;-0,992941216;-0,268926936;-2,000161983;0,047606929;1
"A_271";1967;"271D_1";"accenteur_mouchet";1;-0,992941216;-0,268926936;-2,000161983;0,047606929;1
"A_271";1135;"271D_1";"etourneau_sansonnet";2;-0,992941216;-0,268926936;-2,000161983;0,047606929;1
"A_271";301;"271C_1";"corneille_noire";8;-0,992941216;-0,268926936;-2,000161983;0,047606929;1
"A_271";2173;"271C_1";"grive_draine";0;-0,992941216;-0,268926936;-2,000161983;0,047606929;1
"A_271";719;"271D_1";"tourterelle_des_bois";0;-0,992941216;-0,268926936;-2,000161983;0,047606929;1
"A_271";1551;"271D_1";"mesange_a_longue_queue";0;-0,992941216;-0,268926936;-2,000161983;0,047606929;1
"A_271";91;"271B_1";"pinson_des_arbres";7;-0,992941216;-0,268926936;-2,000161983;0,047606929;1
"A_271";713;"271A_1";"tourterelle_des_bois";0;-0,992941216;-0,268926936;-2,000161983;0,047606929;1
"A_271";2169;"271A_1";"grive_draine";0;-0,992941216;-0,268926936;-2,000161983;0,047606929;1
"A_271";923;"271B_1";"pic_epeiche";0;-0,992941216;-0,268926936;-2,000161983;0,047606929;1
"A_271";505;"271A_1";"pouillot_veloce";2;-0,992941216;-0,268926936;-2,000161983;0,047606929;1
"A_271";2175;"271D_1";"grive_draine";0;-0,992941216;-0,268926936;-2,000161983;0,047606929;1
"A_271";1549;"271C_1";"mesange_a_longue_queue";0;-0,992941216;-0,268926936;-2,000161983;0,047606929;1
"A_271";511;"271D_1";"pouillot_veloce";0;-0,992941216;-0,268926936;-2,000161983;0,047606929;1
"A_271";95;"271D_1";"pinson_des_arbres";5;-0,992941216;-0,268926936;-2,000161983;0,047606929;1
"A_271";1545;"271A_1";"mesange_a_longue_queue";0;-0,992941216;-0,268926936;-2,000161983;0,047606929;1
"A_271";1547;"271B_1";"mesange_a_longue_queue";0;-0,992941216;-0,268926936;-2,000161983;0,047606929;1
"A_271";717;"271C_1";"tourterelle_des_bois";0;-0,992941216;-0,268926936;-2,000161983;0,047606929;1
"A_271";509;"271C_1";"pouillot_veloce";3;-0,992941216;-0,268926936;-2,000161983;0,047606929;1
"A_271";1961;"271A_1";"accenteur_mouchet";1;-0,992941216;-0,268926936;-2,000161983;0,047606929;1
"A_271";297;"271A_1";"corneille_noire";10;-0,992941216;-0,268926936;-2,000161983;0,047606929;1
"A_271";1963;"271B_1";"accenteur_mouchet";1;-0,992941216;-0,268926936;-2,000161983;0,047606929;1
"A_271";921;"271A_1";"pic_epeiche";0;-0,992941216;-0,268926936;-2,000161983;0,047606929;1
"A_271";1133;"271C_1";"etourneau_sansonnet";0;-0,992941216;-0,268926936;-2,000161983;0,047606929;1
"A_271";1965;"271C_1";"accenteur_mouchet";0;-0,992941216;-0,268926936;-2,000161983;0,047606929;1
"A_271";89;"271A_1";"pinson_des_arbres";5;-0,992941216;-0,268926936;-2,000161983;0,047606929;1
"A_271";93;"271C_1";"pinson_des_arbres";2;-0,992941216;-0,268926936;-2,000161983;0,047606929;1
"A_30";439;"030C_1";"pouillot_veloce";1;-0,592855181;-0,806414922;1,761076733;0,813953108;1
"A_30";437;"030A_1";"pouillot_veloce";2;-0,592855181;-0,806414922;1,761076733;0,813953108;1
"A_30";1063;"030C_1";"etourneau_sansonnet";5;-0,592855181;-0,806414922;1,761076733;0,813953108;1
"A_30";21;"030A_1";"pinson_des_arbres";4;-0,592855181;-0,806414922;1,761076733;0,813953108;1
"A_30";645;"030A_1";"tourterelle_des_bois";0;-0,592855181;-0,806414922;1,761076733;0,813953108;1
"A_30";2101;"030A_1";"grive_draine";0;-0,592855181;-0,806414922;1,761076733;0,813953108;1
"A_30";440;"030D_1";"pouillot_veloce";1;-0,592855181;-0,806414922;1,761076733;0,813953108;1
"A_30";230;"030B_1";"corneille_noire";9;-0,592855181;-0,806414922;1,761076733;0,813953108;1
"A_30";1480;"030D_1";"mesange_a_longue_queue";0;-0,592855181;-0,806414922;1,761076733;0,813953108;1
"A_30";1479;"030C_1";"mesange_a_longue_queue";0;-0,592855181;-0,806414922;1,761076733;0,813953108;1
"A_30";1478;"030B_1";"mesange_a_longue_queue";0;-0,592855181;-0,806414922;1,761076733;0,813953108;1
"A_30";22;"030B_1";"pinson_des_arbres";9;-0,592855181;-0,806414922;1,761076733;0,813953108;1
"A_30";647;"030C_1";"tourterelle_des_bois";0;-0,592855181;-0,806414922;1,761076733;0,813953108;1
"A_30";1062;"030B_1";"etourneau_sansonnet";0;-0,592855181;-0,806414922;1,761076733;0,813953108;1
"A_30";853;"030A_1";"pic_epeiche";0;-0,592855181;-0,806414922;1,761076733;0,813953108;1
"A_30";1064;"030D_1";"etourneau_sansonnet";1;-0,592855181;-0,806414922;1,761076733;0,813953108;1
"A_30";438;"030B_1";"pouillot_veloce";3;-0,592855181;-0,806414922;1,761076733;0,813953108;1
"A_30";2104;"030D_1";"grive_draine";0;-0,592855181;-0,806414922;1,761076733;0,813953108;1
"A_30";2103;"030C_1";"grive_draine";0;-0,592855181;-0,806414922;1,761076733;0,813953108;1
"A_30";232;"030D_1";"corneille_noire";10;-0,592855181;-0,806414922;1,761076733;0,813953108;1
"A_30";856;"030D_1";"pic_epeiche";0;-0,592855181;-0,806414922;1,761076733;0,813953108;1
"A_30";855;"030C_1";"pic_epeiche";0;-0,592855181;-0,806414922;1,761076733;0,813953108;1
"A_30";1895;"030C_1";"accenteur_mouchet";0;-0,592855181;-0,806414922;1,761076733;0,813953108;1
"A_30";1893;"030A_1";"accenteur_mouchet";0;-0,592855181;-0,806414922;1,761076733;0,813953108;1
"A_30";648;"030D_1";"tourterelle_des_bois";0;-0,592855181;-0,806414922;1,761076733;0,813953108;1
"A_30";1477;"030A_1";"mesange_a_longue_queue";2;-0,592855181;-0,806414922;1,761076733;0,813953108;1
"A_30";1896;"030D_1";"accenteur_mouchet";1;-0,592855181;-0,806414922;1,761076733;0,813953108;1
"A_30";23;"030C_1";"pinson_des_arbres";3;-0,592855181;-0,806414922;1,761076733;0,813953108;1
"A_30";646;"030B_1";"tourterelle_des_bois";0;-0,592855181;-0,806414922;1,761076733;0,813953108;1
"A_30";2102;"030B_1";"grive_draine";0;-0,592855181;-0,806414922;1,761076733;0,813953108;1
"A_30";231;"030C_1";"corneille_noire";12;-0,592855181;-0,806414922;1,761076733;0,813953108;1
"A_30";24;"030D_1";"pinson_des_arbres";2;-0,592855181;-0,806414922;1,761076733;0,813953108;1
"A_30";854;"030B_1";"pic_epeiche";1;-0,592855181;-0,806414922;1,761076733;0,813953108;1
"A_30";229;"030A_1";"corneille_noire";11;-0,592855181;-0,806414922;1,761076733;0,813953108;1
"A_30";1061;"030A_1";"etourneau_sansonnet";0;-0,592855181;-0,806414922;1,761076733;0,813953108;1
"A_30";1894;"030B_1";"accenteur_mouchet";0;-0,592855181;-0,806414922;1,761076733;0,813953108;1
"A_385";2187;"385B_1";"grive_draine";1;-1,140916194;-0,630423281;0,007085576;0,896732936;1
"A_385";317;"385C_1";"corneille_noire";1;-1,140916194;-0,630423281;0,007085576;0,896732936;1
"A_385";1149;"385C_1";"etourneau_sansonnet";11;-1,140916194;-0,630423281;0,007085576;0,896732936;1
"A_385";1561;"385A_1";"mesange_a_longue_queue";0;-1,140916194;-0,630423281;0,007085576;0,896732936;1
"A_385";521;"385A_1";"pouillot_veloce";1;-1,140916194;-0,630423281;0,007085576;0,896732936;1
"A_385";1563;"385B_1";"mesange_a_longue_queue";0;-1,140916194;-0,630423281;0,007085576;0,896732936;1
"A_385";525;"385C_1";"pouillot_veloce";1;-1,140916194;-0,630423281;0,007085576;0,896732936;1
"A_385";731;"385B_1";"tourterelle_des_bois";0;-1,140916194;-0,630423281;0,007085576;0,896732936;1
"A_385";1983;"385D_1";"accenteur_mouchet";1;-1,140916194;-0,630423281;0,007085576;0,896732936;1
"A_385";523;"385B_1";"pouillot_veloce";1;-1,140916194;-0,630423281;0,007085576;0,896732936;1
"A_385";105;"385A_1";"pinson_des_arbres";3;-1,140916194;-0,630423281;0,007085576;0,896732936;1
"A_385";107;"385B_1";"pinson_des_arbres";1;-1,140916194;-0,630423281;0,007085576;0,896732936;1
"A_385";109;"385C_1";"pinson_des_arbres";0;-1,140916194;-0,630423281;0,007085576;0,896732936;1
"A_385";1147;"385B_1";"etourneau_sansonnet";2;-1,140916194;-0,630423281;0,007085576;0,896732936;1
"A_385";1981;"385C_1";"accenteur_mouchet";3;-1,140916194;-0,630423281;0,007085576;0,896732936;1
"A_385";313;"385A_1";"corneille_noire";0;-1,140916194;-0,630423281;0,007085576;0,896732936;1
"A_385";315;"385B_1";"corneille_noire";4;-1,140916194;-0,630423281;0,007085576;0,896732936;1
"A_385";1151;"385D_1";"etourneau_sansonnet";0;-1,140916194;-0,630423281;0,007085576;0,896732936;1
"A_385";733;"385C_1";"tourterelle_des_bois";0;-1,140916194;-0,630423281;0,007085576;0,896732936;1
"A_385";319;"385D_1";"corneille_noire";2;-1,140916194;-0,630423281;0,007085576;0,896732936;1
"A_385";2191;"385D_1";"grive_draine";0;-1,140916194;-0,630423281;0,007085576;0,896732936;1
"A_385";939;"385B_1";"pic_epeiche";0;-1,140916194;-0,630423281;0,007085576;0,896732936;1
"A_385";729;"385A_1";"tourterelle_des_bois";0;-1,140916194;-0,630423281;0,007085576;0,896732936;1
"A_385";1565;"385C_1";"mesange_a_longue_queue";0;-1,140916194;-0,630423281;0,007085576;0,896732936;1
"A_385";111;"385D_1";"pinson_des_arbres";3;-1,140916194;-0,630423281;0,007085576;0,896732936;1
"A_385";943;"385D_1";"pic_epeiche";0;-1,140916194;-0,630423281;0,007085576;0,896732936;1
"A_385";1977;"385A_1";"accenteur_mouchet";0;-1,140916194;-0,630423281;0,007085576;0,896732936;1
"A_385";937;"385A_1";"pic_epeiche";0;-1,140916194;-0,630423281;0,007085576;0,896732936;1
"A_385";527;"385D_1";"pouillot_veloce";1;-1,140916194;-0,630423281;0,007085576;0,896732936;1
"A_385";1979;"385B_1";"accenteur_mouchet";1;-1,140916194;-0,630423281;0,007085576;0,896732936;1
"A_385";2189;"385C_1";"grive_draine";0;-1,140916194;-0,630423281;0,007085576;0,896732936;1
"A_385";2185;"385A_1";"grive_draine";0;-1,140916194;-0,630423281;0,007085576;0,896732936;1
"A_385";941;"385C_1";"pic_epeiche";0;-1,140916194;-0,630423281;0,007085576;0,896732936;1
"A_385";1145;"385A_1";"etourneau_sansonnet";1;-1,140916194;-0,630423281;0,007085576;0,896732936;1
"A_385";735;"385D_1";"tourterelle_des_bois";0;-1,140916194;-0,630423281;0,007085576;0,896732936;1
"A_385";1567;"385D_1";"mesange_a_longue_queue";0;-1,140916194;-0,630423281;0,007085576;0,896732936;1
"A_434";531;"434B_1";"pouillot_veloce";2;1,585623757;0,168673902;1,026887272;-0,467927248;1
"A_434";1155;"434B_1";"etourneau_sansonnet";2;1,585623757;0,168673902;1,026887272;-0,467927248;1
"A_434";323;"434B_1";"corneille_noire";1;1,585623757;0,168673902;1,026887272;-0,467927248;1
"A_434";951;"434D_1";"pic_epeiche";1;1,585623757;0,168673902;1,026887272;-0,467927248;1
"A_434";115;"434B_1";"pinson_des_arbres";8;1,585623757;0,168673902;1,026887272;-0,467927248;1
"A_434";949;"434C_1";"pic_epeiche";1;1,585623757;0,168673902;1,026887272;-0,467927248;1
"A_434";1153;"434A_1";"etourneau_sansonnet";4;1,585623757;0,168673902;1,026887272;-0,467927248;1
"A_434";2193;"434A_1";"grive_draine";0;1,585623757;0,168673902;1,026887272;-0,467927248;1
"A_434";945;"434A_1";"pic_epeiche";0;1,585623757;0,168673902;1,026887272;-0,467927248;1
"A_434";529;"434A_1";"pouillot_veloce";2;1,585623757;0,168673902;1,026887272;-0,467927248;1
"A_434";1575;"434D_1";"mesange_a_longue_queue";0;1,585623757;0,168673902;1,026887272;-0,467927248;1
"A_434";1985;"434A_1";"accenteur_mouchet";0;1,585623757;0,168673902;1,026887272;-0,467927248;1
"A_434";321;"434A_1";"corneille_noire";6;1,585623757;0,168673902;1,026887272;-0,467927248;1
"A_434";1569;"434A_1";"mesange_a_longue_queue";0;1,585623757;0,168673902;1,026887272;-0,467927248;1
"A_434";743;"434D_1";"tourterelle_des_bois";1;1,585623757;0,168673902;1,026887272;-0,467927248;1
"A_434";325;"434C_1";"corneille_noire";0;1,585623757;0,168673902;1,026887272;-0,467927248;1
"A_434";947;"434B_1";"pic_epeiche";0;1,585623757;0,168673902;1,026887272;-0,467927248;1
"A_434";737;"434A_1";"tourterelle_des_bois";0;1,585623757;0,168673902;1,026887272;-0,467927248;1
"A_434";739;"434B_1";"tourterelle_des_bois";1;1,585623757;0,168673902;1,026887272;-0,467927248;1
"A_434";119;"434D_1";"pinson_des_arbres";2;1,585623757;0,168673902;1,026887272;-0,467927248;1
"A_434";327;"434D_1";"corneille_noire";1;1,585623757;0,168673902;1,026887272;-0,467927248;1
"A_434";2199;"434D_1";"grive_draine";0;1,585623757;0,168673902;1,026887272;-0,467927248;1
"A_434";1573;"434C_1";"mesange_a_longue_queue";0;1,585623757;0,168673902;1,026887272;-0,467927248;1
"A_434";1987;"434B_1";"accenteur_mouchet";1;1,585623757;0,168673902;1,026887272;-0,467927248;1
"A_434";117;"434C_1";"pinson_des_arbres";2;1,585623757;0,168673902;1,026887272;-0,467927248;1
"A_434";1991;"434D_1";"accenteur_mouchet";0;1,585623757;0,168673902;1,026887272;-0,467927248;1
"A_434";1159;"434D_1";"etourneau_sansonnet";0;1,585623757;0,168673902;1,026887272;-0,467927248;1
"A_434";113;"434A_1";"pinson_des_arbres";2;1,585623757;0,168673902;1,026887272;-0,467927248;1
"A_434";2197;"434C_1";"grive_draine";0;1,585623757;0,168673902;1,026887272;-0,467927248;1
"A_434";741;"434C_1";"tourterelle_des_bois";0;1,585623757;0,168673902;1,026887272;-0,467927248;1
"A_434";1989;"434C_1";"accenteur_mouchet";0;1,585623757;0,168673902;1,026887272;-0,467927248;1
"A_434";533;"434C_1";"pouillot_veloce";3;1,585623757;0,168673902;1,026887272;-0,467927248;1
"A_434";1571;"434B_1";"mesange_a_longue_queue";0;1,585623757;0,168673902;1,026887272;-0,467927248;1
"A_434";535;"434D_1";"pouillot_veloce";2;1,585623757;0,168673902;1,026887272;-0,467927248;1
"A_434";1157;"434C_1";"etourneau_sansonnet";0;1,585623757;0,168673902;1,026887272;-0,467927248;1
"A_434";2195;"434B_1";"grive_draine";0;1,585623757;0,168673902;1,026887272;-0,467927248;1
"A_452";548;"452D_1";"pouillot_veloce";3;-0,884540942;-1,224989637;-0,10209419;2,183158935;1
"A_452";340;"452D_1";"corneille_noire";5;-0,884540942;-1,224989637;-0,10209419;2,183158935;1
"A_452";2209;"452A_1";"grive_draine";1;-0,884540942;-1,224989637;-0,10209419;2,183158935;1
"A_452";756;"452D_1";"tourterelle_des_bois";0;-0,884540942;-1,224989637;-0,10209419;2,183158935;1
"A_452";339;"452C_1";"corneille_noire";5;-0,884540942;-1,224989637;-0,10209419;2,183158935;1
"A_452";338;"452B_1";"corneille_noire";5;-0,884540942;-1,224989637;-0,10209419;2,183158935;1
"A_452";546;"452B_1";"pouillot_veloce";2;-0,884540942;-1,224989637;-0,10209419;2,183158935;1
"A_452";547;"452C_1";"pouillot_veloce";4;-0,884540942;-1,224989637;-0,10209419;2,183158935;1
"A_452";1588;"452D_1";"mesange_a_longue_queue";0;-0,884540942;-1,224989637;-0,10209419;2,183158935;1
"A_452";963;"452C_1";"pic_epeiche";0;-0,884540942;-1,224989637;-0,10209419;2,183158935;1
"A_452";755;"452C_1";"tourterelle_des_bois";0;-0,884540942;-1,224989637;-0,10209419;2,183158935;1
"A_452";337;"452A_1";"corneille_noire";1;-0,884540942;-1,224989637;-0,10209419;2,183158935;1
"A_452";2210;"452B_1";"grive_draine";1;-0,884540942;-1,224989637;-0,10209419;2,183158935;1
"A_452";753;"452A_1";"tourterelle_des_bois";0;-0,884540942;-1,224989637;-0,10209419;2,183158935;1
"A_452";545;"452A_1";"pouillot_veloce";2;-0,884540942;-1,224989637;-0,10209419;2,183158935;1
"A_452";961;"452A_1";"pic_epeiche";0;-0,884540942;-1,224989637;-0,10209419;2,183158935;1
"A_452";962;"452B_1";"pic_epeiche";0;-0,884540942;-1,224989637;-0,10209419;2,183158935;1
"A_452";2211;"452C_1";"grive_draine";0;-0,884540942;-1,224989637;-0,10209419;2,183158935;1
"A_452";130;"452B_1";"pinson_des_arbres";1;-0,884540942;-1,224989637;-0,10209419;2,183158935;1
"A_452";964;"452D_1";"pic_epeiche";0;-0,884540942;-1,224989637;-0,10209419;2,183158935;1
"A_452";1169;"452A_1";"etourneau_sansonnet";2;-0,884540942;-1,224989637;-0,10209419;2,183158935;1
"A_452";132;"452D_1";"pinson_des_arbres";4;-0,884540942;-1,224989637;-0,10209419;2,183158935;1
"A_452";1171;"452C_1";"etourneau_sansonnet";3;-0,884540942;-1,224989637;-0,10209419;2,183158935;1
"A_452";754;"452B_1";"tourterelle_des_bois";0;-0,884540942;-1,224989637;-0,10209419;2,183158935;1
"A_452";1172;"452D_1";"etourneau_sansonnet";0;-0,884540942;-1,224989637;-0,10209419;2,183158935;1
"A_452";1587;"452C_1";"mesange_a_longue_queue";0;-0,884540942;-1,224989637;-0,10209419;2,183158935;1
"A_452";1585;"452A_1";"mesange_a_longue_queue";0;-0,884540942;-1,224989637;-0,10209419;2,183158935;1
"A_452";1586;"452B_1";"mesange_a_longue_queue";0;-0,884540942;-1,224989637;-0,10209419;2,183158935;1
"A_452";2212;"452D_1";"grive_draine";0;-0,884540942;-1,224989637;-0,10209419;2,183158935;1
"A_452";129;"452A_1";"pinson_des_arbres";2;-0,884540942;-1,224989637;-0,10209419;2,183158935;1
"A_452";1170;"452B_1";"etourneau_sansonnet";0;-0,884540942;-1,224989637;-0,10209419;2,183158935;1
"A_452";2003;"452C_1";"accenteur_mouchet";0;-0,884540942;-1,224989637;-0,10209419;2,183158935;1
"A_452";131;"452C_1";"pinson_des_arbres";3;-0,884540942;-1,224989637;-0,10209419;2,183158935;1
"A_452";2001;"452A_1";"accenteur_mouchet";0;-0,884540942;-1,224989637;-0,10209419;2,183158935;1
"A_452";2004;"452D_1";"accenteur_mouchet";1;-0,884540942;-1,224989637;-0,10209419;2,183158935;1
"A_452";2002;"452B_1";"accenteur_mouchet";1;-0,884540942;-1,224989637;-0,10209419;2,183158935;1
"A_490";345;"490C_1";"corneille_noire";4;-0,068359444;1,747842143;-0,957999186;-0,217433236;1
"A_490";343;"490B_1";"corneille_noire";2;-0,068359444;1,747842143;-0,957999186;-0,217433236;1
"A_490";549;"490A_1";"pouillot_veloce";3;-0,068359444;1,747842143;-0,957999186;-0,217433236;1
"A_490";555;"490D_1";"pouillot_veloce";1;-0,068359444;1,747842143;-0,957999186;-0,217433236;1
"A_490";139;"490D_1";"pinson_des_arbres";5;-0,068359444;1,747842143;-0,957999186;-0,217433236;1
"A_490";761;"490C_1";"tourterelle_des_bois";0;-0,068359444;1,747842143;-0,957999186;-0,217433236;1
"A_490";969;"490C_1";"pic_epeiche";0;-0,068359444;1,747842143;-0,957999186;-0,217433236;1
"A_490";2009;"490C_1";"accenteur_mouchet";1;-0,068359444;1,747842143;-0,957999186;-0,217433236;1
"A_490";1177;"490C_1";"etourneau_sansonnet";8;-0,068359444;1,747842143;-0,957999186;-0,217433236;1
"A_490";137;"490C_1";"pinson_des_arbres";4;-0,068359444;1,747842143;-0,957999186;-0,217433236;1
"A_490";2213;"490A_1";"grive_draine";0;-0,068359444;1,747842143;-0,957999186;-0,217433236;1
"A_490";347;"490D_1";"corneille_noire";4;-0,068359444;1,747842143;-0,957999186;-0,217433236;1
"A_490";341;"490A_1";"corneille_noire";1;-0,068359444;1,747842143;-0,957999186;-0,217433236;1
"A_490";133;"490A_1";"pinson_des_arbres";1;-0,068359444;1,747842143;-0,957999186;-0,217433236;1
"A_490";553;"490C_1";"pouillot_veloce";1;-0,068359444;1,747842143;-0,957999186;-0,217433236;1
"A_490";971;"490D_1";"pic_epeiche";0;-0,068359444;1,747842143;-0,957999186;-0,217433236;1
"A_490";757;"490A_1";"tourterelle_des_bois";0;-0,068359444;1,747842143;-0,957999186;-0,217433236;1
"A_490";2217;"490C_1";"grive_draine";0;-0,068359444;1,747842143;-0,957999186;-0,217433236;1
"A_490";967;"490B_1";"pic_epeiche";0;-0,068359444;1,747842143;-0,957999186;-0,217433236;1
"A_490";1175;"490B_1";"etourneau_sansonnet";2;-0,068359444;1,747842143;-0,957999186;-0,217433236;1
"A_490";759;"490B_1";"tourterelle_des_bois";0;-0,068359444;1,747842143;-0,957999186;-0,217433236;1
"A_490";763;"490D_1";"tourterelle_des_bois";0;-0,068359444;1,747842143;-0,957999186;-0,217433236;1
"A_490";2215;"490B_1";"grive_draine";0;-0,068359444;1,747842143;-0,957999186;-0,217433236;1
"A_490";965;"490A_1";"pic_epeiche";0;-0,068359444;1,747842143;-0,957999186;-0,217433236;1
"A_490";1593;"490C_1";"mesange_a_longue_queue";0;-0,068359444;1,747842143;-0,957999186;-0,217433236;1
"A_490";135;"490B_1";"pinson_des_arbres";1;-0,068359444;1,747842143;-0,957999186;-0,217433236;1
"A_490";1595;"490D_1";"mesange_a_longue_queue";0;-0,068359444;1,747842143;-0,957999186;-0,217433236;1
"A_490";2007;"490B_1";"accenteur_mouchet";1;-0,068359444;1,747842143;-0,957999186;-0,217433236;1
"A_490";1179;"490D_1";"etourneau_sansonnet";2;-0,068359444;1,747842143;-0,957999186;-0,217433236;1
"A_490";2011;"490D_1";"accenteur_mouchet";1;-0,068359444;1,747842143;-0,957999186;-0,217433236;1
"A_490";551;"490B_1";"pouillot_veloce";2;-0,068359444;1,747842143;-0,957999186;-0,217433236;1
"A_490";2005;"490A_1";"accenteur_mouchet";0;-0,068359444;1,747842143;-0,957999186;-0,217433236;1
"A_490";1173;"490A_1";"etourneau_sansonnet";1;-0,068359444;1,747842143;-0,957999186;-0,217433236;1
"A_490";2219;"490D_1";"grive_draine";0;-0,068359444;1,747842143;-0,957999186;-0,217433236;1
"A_490";1589;"490A_1";"mesange_a_longue_queue";0;-0,068359444;1,747842143;-0,957999186;-0,217433236;1
"A_490";1591;"490B_1";"mesange_a_longue_queue";0;-0,068359444;1,747842143;-0,957999186;-0,217433236;1
"A_506";560;"506D_1";"pouillot_veloce";1;0,58211701;1,267432528;-0,312915322;0,260799439;1
"A_506";143;"506C_1";"pinson_des_arbres";3;0,58211701;1,267432528;-0,312915322;0,260799439;1
"A_506";1600;"506D_1";"mesange_a_longue_queue";0;0,58211701;1,267432528;-0,312915322;0,260799439;1
"A_506";557;"506A_1";"pouillot_veloce";1;0,58211701;1,267432528;-0,312915322;0,260799439;1
"A_506";352;"506D_1";"corneille_noire";2;0,58211701;1,267432528;-0,312915322;0,260799439;1
"A_506";142;"506B_1";"pinson_des_arbres";6;0,58211701;1,267432528;-0,312915322;0,260799439;1
"A_506";976;"506D_1";"pic_epeiche";0;0,58211701;1,267432528;-0,312915322;0,260799439;1
"A_506";144;"506D_1";"pinson_des_arbres";1;0,58211701;1,267432528;-0,312915322;0,260799439;1
"A_506";765;"506A_1";"tourterelle_des_bois";0;0,58211701;1,267432528;-0,312915322;0,260799439;1
"A_506";351;"506C_1";"corneille_noire";8;0,58211701;1,267432528;-0,312915322;0,260799439;1
"A_506";2222;"506B_1";"grive_draine";0;0,58211701;1,267432528;-0,312915322;0,260799439;1
"A_506";2223;"506C_1";"grive_draine";0;0,58211701;1,267432528;-0,312915322;0,260799439;1
"A_506";350;"506B_1";"corneille_noire";2;0,58211701;1,267432528;-0,312915322;0,260799439;1
"A_506";974;"506B_1";"pic_epeiche";0;0,58211701;1,267432528;-0,312915322;0,260799439;1
"A_506";975;"506C_1";"pic_epeiche";0;0,58211701;1,267432528;-0,312915322;0,260799439;1
"A_506";141;"506A_1";"pinson_des_arbres";2;0,58211701;1,267432528;-0,312915322;0,260799439;1
"A_506";973;"506A_1";"pic_epeiche";0;0,58211701;1,267432528;-0,312915322;0,260799439;1
"A_506";2014;"506B_1";"accenteur_mouchet";2;0,58211701;1,267432528;-0,312915322;0,260799439;1
"A_506";2016;"506D_1";"accenteur_mouchet";1;0,58211701;1,267432528;-0,312915322;0,260799439;1
"A_506";766;"506B_1";"tourterelle_des_bois";0;0,58211701;1,267432528;-0,312915322;0,260799439;1
"A_506";2013;"506A_1";"accenteur_mouchet";1;0,58211701;1,267432528;-0,312915322;0,260799439;1
"A_506";768;"506D_1";"tourterelle_des_bois";0;0,58211701;1,267432528;-0,312915322;0,260799439;1
"A_506";349;"506A_1";"corneille_noire";7;0,58211701;1,267432528;-0,312915322;0,260799439;1
"A_506";1597;"506A_1";"mesange_a_longue_queue";0;0,58211701;1,267432528;-0,312915322;0,260799439;1
"A_506";1598;"506B_1";"mesange_a_longue_queue";0;0,58211701;1,267432528;-0,312915322;0,260799439;1
"A_506";1599;"506C_1";"mesange_a_longue_queue";0;0,58211701;1,267432528;-0,312915322;0,260799439;1
"A_506";2224;"506D_1";"grive_draine";0;0,58211701;1,267432528;-0,312915322;0,260799439;1
"A_506";558;"506B_1";"pouillot_veloce";3;0,58211701;1,267432528;-0,312915322;0,260799439;1
"A_506";559;"506C_1";"pouillot_veloce";3;0,58211701;1,267432528;-0,312915322;0,260799439;1
"A_506";767;"506C_1";"tourterelle_des_bois";0;0,58211701;1,267432528;-0,312915322;0,260799439;1
"A_506";1184;"506D_1";"etourneau_sansonnet";5;0,58211701;1,267432528;-0,312915322;0,260799439;1
"A_506";2015;"506C_1";"accenteur_mouchet";0;0,58211701;1,267432528;-0,312915322;0,260799439;1
"A_506";1181;"506A_1";"etourneau_sansonnet";0;0,58211701;1,267432528;-0,312915322;0,260799439;1
"A_506";1182;"506B_1";"etourneau_sansonnet";4;0,58211701;1,267432528;-0,312915322;0,260799439;1
"A_506";1183;"506C_1";"etourneau_sansonnet";3;0,58211701;1,267432528;-0,312915322;0,260799439;1
"A_506";2221;"506A_1";"grive_draine";0;0,58211701;1,267432528;-0,312915322;0,260799439;1
"A_53";651;"053C_1";"tourterelle_des_bois";0;1,865639096;0,810805566;0,058075661;-0,452203865;1
"A_53";234;"053B_1";"corneille_noire";0;1,865639096;0,810805566;0,058075661;-0,452203865;1
"A_53";235;"053C_1";"corneille_noire";0;1,865639096;0,810805566;0,058075661;-0,452203865;1
"A_53";442;"053B_1";"pouillot_veloce";2;1,865639096;0,810805566;0,058075661;-0,452203865;1
"A_53";443;"053C_1";"pouillot_veloce";2;1,865639096;0,810805566;0,058075661;-0,452203865;1
"A_53";444;"053D_1";"pouillot_veloce";1;1,865639096;0,810805566;0,058075661;-0,452203865;1
"A_53";236;"053D_1";"corneille_noire";0;1,865639096;0,810805566;0,058075661;-0,452203865;1
"A_53";1066;"053B_1";"etourneau_sansonnet";2;1,865639096;0,810805566;0,058075661;-0,452203865;1
"A_53";1065;"053A_1";"etourneau_sansonnet";1;1,865639096;0,810805566;0,058075661;-0,452203865;1
"A_53";1900;"053D_1";"accenteur_mouchet";0;1,865639096;0,810805566;0,058075661;-0,452203865;1
"A_53";860;"053D_1";"pic_epeiche";0;1,865639096;0,810805566;0,058075661;-0,452203865;1
"A_53";1068;"053D_1";"etourneau_sansonnet";0;1,865639096;0,810805566;0,058075661;-0,452203865;1
"A_53";2108;"053D_1";"grive_draine";0;1,865639096;0,810805566;0,058075661;-0,452203865;1
"A_53";441;"053A_1";"pouillot_veloce";2;1,865639096;0,810805566;0,058075661;-0,452203865;1
"A_53";1483;"053C_1";"mesange_a_longue_queue";0;1,865639096;0,810805566;0,058075661;-0,452203865;1
"A_53";859;"053C_1";"pic_epeiche";0;1,865639096;0,810805566;0,058075661;-0,452203865;1
"A_53";650;"053B_1";"tourterelle_des_bois";0;1,865639096;0,810805566;0,058075661;-0,452203865;1
"A_53";649;"053A_1";"tourterelle_des_bois";0;1,865639096;0,810805566;0,058075661;-0,452203865;1
"A_53";1897;"053A_1";"accenteur_mouchet";0;1,865639096;0,810805566;0,058075661;-0,452203865;1
"A_53";233;"053A_1";"corneille_noire";2;1,865639096;0,810805566;0,058075661;-0,452203865;1
"A_53";1484;"053D_1";"mesange_a_longue_queue";0;1,865639096;0,810805566;0,058075661;-0,452203865;1
"A_53";2106;"053B_1";"grive_draine";1;1,865639096;0,810805566;0,058075661;-0,452203865;1
"A_53";2107;"053C_1";"grive_draine";0;1,865639096;0,810805566;0,058075661;-0,452203865;1
"A_53";2105;"053A_1";"grive_draine";0;1,865639096;0,810805566;0,058075661;-0,452203865;1
"A_53";1067;"053C_1";"etourneau_sansonnet";2;1,865639096;0,810805566;0,058075661;-0,452203865;1
"A_53";858;"053B_1";"pic_epeiche";1;1,865639096;0,810805566;0,058075661;-0,452203865;1
"A_53";857;"053A_1";"pic_epeiche";0;1,865639096;0,810805566;0,058075661;-0,452203865;1
"A_53";25;"053A_1";"pinson_des_arbres";0;1,865639096;0,810805566;0,058075661;-0,452203865;1
"A_53";652;"053D_1";"tourterelle_des_bois";0;1,865639096;0,810805566;0,058075661;-0,452203865;1
"A_53";28;"053D_1";"pinson_des_arbres";2;1,865639096;0,810805566;0,058075661;-0,452203865;1
"A_53";1898;"053B_1";"accenteur_mouchet";0;1,865639096;0,810805566;0,058075661;-0,452203865;1
"A_53";1481;"053A_1";"mesange_a_longue_queue";0;1,865639096;0,810805566;0,058075661;-0,452203865;1
"A_53";27;"053C_1";"pinson_des_arbres";0;1,865639096;0,810805566;0,058075661;-0,452203865;1
"A_53";1482;"053B_1";"mesange_a_longue_queue";0;1,865639096;0,810805566;0,058075661;-0,452203865;1
"A_53";1899;"053C_1";"accenteur_mouchet";0;1,865639096;0,810805566;0,058075661;-0,452203865;1
"A_53";26;"053B_1";"pinson_des_arbres";0;1,865639096;0,810805566;0,058075661;-0,452203865;1
"A_58";445;"058A_1";"pouillot_veloce";1;-0,173019198;0,939231899;0,794297949;-0,539514103;1
"A_58";35;"058D_1";"pinson_des_arbres";4;-0,173019198;0,939231899;0,794297949;-0,539514103;1
"A_58";1907;"058D_1";"accenteur_mouchet";0;-0,173019198;0,939231899;0,794297949;-0,539514103;1
"A_58";451;"058D_1";"pouillot_veloce";1;-0,173019198;0,939231899;0,794297949;-0,539514103;1
"A_58";2109;"058A_1";"grive_draine";1;-0,173019198;0,939231899;0,794297949;-0,539514103;1
"A_58";239;"058B_1";"corneille_noire";1;-0,173019198;0,939231899;0,794297949;-0,539514103;1
"A_58";449;"058C_1";"pouillot_veloce";4;-0,173019198;0,939231899;0,794297949;-0,539514103;1
"A_58";237;"058A_1";"corneille_noire";2;-0,173019198;0,939231899;0,794297949;-0,539514103;1
"A_58";657;"058C_1";"tourterelle_des_bois";0;-0,173019198;0,939231899;0,794297949;-0,539514103;1
"A_58";861;"058A_1";"pic_epeiche";0;-0,173019198;0,939231899;0,794297949;-0,539514103;1
"A_58";243;"058D_1";"corneille_noire";7;-0,173019198;0,939231899;0,794297949;-0,539514103;1
"A_58";867;"058D_1";"pic_epeiche";0;-0,173019198;0,939231899;0,794297949;-0,539514103;1
"A_58";447;"058B_1";"pouillot_veloce";0;-0,173019198;0,939231899;0,794297949;-0,539514103;1
"A_58";33;"058C_1";"pinson_des_arbres";4;-0,173019198;0,939231899;0,794297949;-0,539514103;1
"A_58";1485;"058A_1";"mesange_a_longue_queue";0;-0,173019198;0,939231899;0,794297949;-0,539514103;1
"A_58";2115;"058D_1";"grive_draine";0;-0,173019198;0,939231899;0,794297949;-0,539514103;1
"A_58";653;"058A_1";"tourterelle_des_bois";0;-0,173019198;0,939231899;0,794297949;-0,539514103;1
"A_58";1905;"058C_1";"accenteur_mouchet";0;-0,173019198;0,939231899;0,794297949;-0,539514103;1
"A_58";1071;"058B_1";"etourneau_sansonnet";0;-0,173019198;0,939231899;0,794297949;-0,539514103;1
"A_58";241;"058C_1";"corneille_noire";2;-0,173019198;0,939231899;0,794297949;-0,539514103;1
"A_58";2113;"058C_1";"grive_draine";0;-0,173019198;0,939231899;0,794297949;-0,539514103;1
"A_58";863;"058B_1";"pic_epeiche";0;-0,173019198;0,939231899;0,794297949;-0,539514103;1
"A_58";865;"058C_1";"pic_epeiche";0;-0,173019198;0,939231899;0,794297949;-0,539514103;1
"A_58";1491;"058D_1";"mesange_a_longue_queue";0;-0,173019198;0,939231899;0,794297949;-0,539514103;1
"A_58";29;"058A_1";"pinson_des_arbres";4;-0,173019198;0,939231899;0,794297949;-0,539514103;1
"A_58";1901;"058A_1";"accenteur_mouchet";0;-0,173019198;0,939231899;0,794297949;-0,539514103;1
"A_58";1069;"058A_1";"etourneau_sansonnet";4;-0,173019198;0,939231899;0,794297949;-0,539514103;1
"A_58";31;"058B_1";"pinson_des_arbres";7;-0,173019198;0,939231899;0,794297949;-0,539514103;1
"A_58";1903;"058B_1";"accenteur_mouchet";0;-0,173019198;0,939231899;0,794297949;-0,539514103;1
"A_58";655;"058B_1";"tourterelle_des_bois";0;-0,173019198;0,939231899;0,794297949;-0,539514103;1
"A_58";659;"058D_1";"tourterelle_des_bois";0;-0,173019198;0,939231899;0,794297949;-0,539514103;1
"A_58";2111;"058B_1";"grive_draine";1;-0,173019198;0,939231899;0,794297949;-0,539514103;1
"A_58";1075;"058D_1";"etourneau_sansonnet";2;-0,173019198;0,939231899;0,794297949;-0,539514103;1
"A_58";1489;"058C_1";"mesange_a_longue_queue";0;-0,173019198;0,939231899;0,794297949;-0,539514103;1
"A_58";1487;"058B_1";"mesange_a_longue_queue";0;-0,173019198;0,939231899;0,794297949;-0,539514103;1
"A_58";1073;"058C_1";"etourneau_sansonnet";1;-0,173019198;0,939231899;0,794297949;-0,539514103;1
"A_63";247;"063C_1";"corneille_noire";11;-0,401265738;-1,610268636;-0,10133188;0,598669382;1
"A_63";248;"063D_1";"corneille_noire";4;-0,401265738;-1,610268636;-0,10133188;0,598669382;1
"A_63";39;"063C_1";"pinson_des_arbres";3;-0,401265738;-1,610268636;-0,10133188;0,598669382;1
"A_63";1909;"063A_1";"accenteur_mouchet";0;-0,401265738;-1,610268636;-0,10133188;0,598669382;1
"A_63";40;"063D_1";"pinson_des_arbres";3;-0,401265738;-1,610268636;-0,10133188;0,598669382;1
"A_63";2117;"063A_1";"grive_draine";0;-0,401265738;-1,610268636;-0,10133188;0,598669382;1
"A_63";1911;"063C_1";"accenteur_mouchet";2;-0,401265738;-1,610268636;-0,10133188;0,598669382;1
"A_63";1079;"063C_1";"etourneau_sansonnet";3;-0,401265738;-1,610268636;-0,10133188;0,598669382;1
"A_63";246;"063B_1";"corneille_noire";3;-0,401265738;-1,610268636;-0,10133188;0,598669382;1
"A_63";454;"063B_1";"pouillot_veloce";2;-0,401265738;-1,610268636;-0,10133188;0,598669382;1
"A_63";2118;"063B_1";"grive_draine";0;-0,401265738;-1,610268636;-0,10133188;0,598669382;1
"A_63";871;"063C_1";"pic_epeiche";0;-0,401265738;-1,610268636;-0,10133188;0,598669382;1
"A_63";38;"063B_1";"pinson_des_arbres";2;-0,401265738;-1,610268636;-0,10133188;0,598669382;1
"A_63";662;"063B_1";"tourterelle_des_bois";0;-0,401265738;-1,610268636;-0,10133188;0,598669382;1
"A_63";1910;"063B_1";"accenteur_mouchet";1;-0,401265738;-1,610268636;-0,10133188;0,598669382;1
"A_63";456;"063D_1";"pouillot_veloce";1;-0,401265738;-1,610268636;-0,10133188;0,598669382;1
"A_63";1078;"063B_1";"etourneau_sansonnet";2;-0,401265738;-1,610268636;-0,10133188;0,598669382;1
"A_63";1496;"063D_1";"mesange_a_longue_queue";0;-0,401265738;-1,610268636;-0,10133188;0,598669382;1
"A_63";1494;"063B_1";"mesange_a_longue_queue";0;-0,401265738;-1,610268636;-0,10133188;0,598669382;1
"A_63";869;"063A_1";"pic_epeiche";0;-0,401265738;-1,610268636;-0,10133188;0,598669382;1
"A_63";2119;"063C_1";"grive_draine";0;-0,401265738;-1,610268636;-0,10133188;0,598669382;1
"A_63";2120;"063D_1";"grive_draine";0;-0,401265738;-1,610268636;-0,10133188;0,598669382;1
"A_63";37;"063A_1";"pinson_des_arbres";1;-0,401265738;-1,610268636;-0,10133188;0,598669382;1
"A_63";455;"063C_1";"pouillot_veloce";2;-0,401265738;-1,610268636;-0,10133188;0,598669382;1
"A_63";663;"063C_1";"tourterelle_des_bois";0;-0,401265738;-1,610268636;-0,10133188;0,598669382;1
"A_63";870;"063B_1";"pic_epeiche";1;-0,401265738;-1,610268636;-0,10133188;0,598669382;1
"A_63";661;"063A_1";"tourterelle_des_bois";0;-0,401265738;-1,610268636;-0,10133188;0,598669382;1
"A_63";664;"063D_1";"tourterelle_des_bois";0;-0,401265738;-1,610268636;-0,10133188;0,598669382;1
"A_63";1495;"063C_1";"mesange_a_longue_queue";0;-0,401265738;-1,610268636;-0,10133188;0,598669382;1
"A_63";1912;"063D_1";"accenteur_mouchet";0;-0,401265738;-1,610268636;-0,10133188;0,598669382;1
"A_63";1077;"063A_1";"etourneau_sansonnet";1;-0,401265738;-1,610268636;-0,10133188;0,598669382;1
"A_63";245;"063A_1";"corneille_noire";5;-0,401265738;-1,610268636;-0,10133188;0,598669382;1
"A_63";453;"063A_1";"pouillot_veloce";1;-0,401265738;-1,610268636;-0,10133188;0,598669382;1
"A_63";1493;"063A_1";"mesange_a_longue_queue";0;-0,401265738;-1,610268636;-0,10133188;0,598669382;1
"A_63";872;"063D_1";"pic_epeiche";0;-0,401265738;-1,610268636;-0,10133188;0,598669382;1
"A_63";1080;"063D_1";"etourneau_sansonnet";1;-0,401265738;-1,610268636;-0,10133188;0,598669382;1
"A_682";155;"682B_1";"pinson_des_arbres";2;-1,012092679;0,011708384;-0,404985458;-0,301871565;1
"A_682";1609;"682A_1";"mesange_a_longue_queue";0;-1,012092679;0,011708384;-0,404985458;-0,301871565;1
"A_682";157;"682C_1";"pinson_des_arbres";2;-1,012092679;0,011708384;-0,404985458;-0,301871565;1
"A_682";991;"682D_1";"pic_epeiche";0;-1,012092679;0,011708384;-0,404985458;-0,301871565;1
"A_682";1615;"682D_1";"mesange_a_longue_queue";0;-1,012092679;0,011708384;-0,404985458;-0,301871565;1
"A_682";363;"682B_1";"corneille_noire";2;-1,012092679;0,011708384;-0,404985458;-0,301871565;1
"A_682";2233;"682A_1";"grive_draine";0;-1,012092679;0,011708384;-0,404985458;-0,301871565;1
"A_682";365;"682C_1";"corneille_noire";2;-1,012092679;0,011708384;-0,404985458;-0,301871565;1
"A_682";367;"682D_1";"corneille_noire";1;-1,012092679;0,011708384;-0,404985458;-0,301871565;1
"A_682";2027;"682B_1";"accenteur_mouchet";1;-1,012092679;0,011708384;-0,404985458;-0,301871565;1
"A_682";159;"682D_1";"pinson_des_arbres";3;-1,012092679;0,011708384;-0,404985458;-0,301871565;1
"A_682";777;"682A_1";"tourterelle_des_bois";0;-1,012092679;0,011708384;-0,404985458;-0,301871565;1
"A_682";781;"682C_1";"tourterelle_des_bois";0;-1,012092679;0,011708384;-0,404985458;-0,301871565;1
"A_682";783;"682D_1";"tourterelle_des_bois";0;-1,012092679;0,011708384;-0,404985458;-0,301871565;1
"A_682";985;"682A_1";"pic_epeiche";0;-1,012092679;0,011708384;-0,404985458;-0,301871565;1
"A_682";987;"682B_1";"pic_epeiche";0;-1,012092679;0,011708384;-0,404985458;-0,301871565;1
"A_682";989;"682C_1";"pic_epeiche";1;-1,012092679;0,011708384;-0,404985458;-0,301871565;1
"A_682";1193;"682A_1";"etourneau_sansonnet";20;-1,012092679;0,011708384;-0,404985458;-0,301871565;1
"A_682";1195;"682B_1";"etourneau_sansonnet";2;-1,012092679;0,011708384;-0,404985458;-0,301871565;1
"A_682";1197;"682C_1";"etourneau_sansonnet";3;-1,012092679;0,011708384;-0,404985458;-0,301871565;1
"A_682";1199;"682D_1";"etourneau_sansonnet";7;-1,012092679;0,011708384;-0,404985458;-0,301871565;1
"A_682";1611;"682B_1";"mesange_a_longue_queue";0;-1,012092679;0,011708384;-0,404985458;-0,301871565;1
"A_682";1613;"682C_1";"mesange_a_longue_queue";0;-1,012092679;0,011708384;-0,404985458;-0,301871565;1
"A_682";153;"682A_1";"pinson_des_arbres";1;-1,012092679;0,011708384;-0,404985458;-0,301871565;1
"A_682";2025;"682A_1";"accenteur_mouchet";0;-1,012092679;0,011708384;-0,404985458;-0,301871565;1
"A_682";2029;"682C_1";"accenteur_mouchet";0;-1,012092679;0,011708384;-0,404985458;-0,301871565;1
"A_682";2031;"682D_1";"accenteur_mouchet";1;-1,012092679;0,011708384;-0,404985458;-0,301871565;1
"A_682";779;"682B_1";"tourterelle_des_bois";0;-1,012092679;0,011708384;-0,404985458;-0,301871565;1
"A_682";2235;"682B_1";"grive_draine";0;-1,012092679;0,011708384;-0,404985458;-0,301871565;1
"A_682";2237;"682C_1";"grive_draine";0;-1,012092679;0,011708384;-0,404985458;-0,301871565;1
"A_682";569;"682A_1";"pouillot_veloce";2;-1,012092679;0,011708384;-0,404985458;-0,301871565;1
"A_682";571;"682B_1";"pouillot_veloce";2;-1,012092679;0,011708384;-0,404985458;-0,301871565;1
"A_682";573;"682C_1";"pouillot_veloce";4;-1,012092679;0,011708384;-0,404985458;-0,301871565;1
"A_682";575;"682D_1";"pouillot_veloce";1;-1,012092679;0,011708384;-0,404985458;-0,301871565;1
"A_682";2239;"682D_1";"grive_draine";0;-1,012092679;0,011708384;-0,404985458;-0,301871565;1
"A_682";361;"682A_1";"corneille_noire";2;-1,012092679;0,011708384;-0,404985458;-0,301871565;1
"A_689";1617;"689A_1";"mesange_a_longue_queue";1;0,193327346;0,787022912;1,449884754;-0,236045666;1
"A_689";581;"689C_1";"pouillot_veloce";1;0,193327346;0,787022912;1,449884754;-0,236045666;1
"A_689";785;"689A_1";"tourterelle_des_bois";0;0,193327346;0,787022912;1,449884754;-0,236045666;1
"A_689";789;"689C_1";"tourterelle_des_bois";0;0,193327346;0,787022912;1,449884754;-0,236045666;1
"A_689";579;"689B_1";"pouillot_veloce";2;0,193327346;0,787022912;1,449884754;-0,236045666;1
"A_689";993;"689A_1";"pic_epeiche";0;0,193327346;0,787022912;1,449884754;-0,236045666;1
"A_689";997;"689C_1";"pic_epeiche";0;0,193327346;0,787022912;1,449884754;-0,236045666;1
"A_689";1201;"689A_1";"etourneau_sansonnet";2;0,193327346;0,787022912;1,449884754;-0,236045666;1
"A_689";787;"689B_1";"tourterelle_des_bois";0;0,193327346;0,787022912;1,449884754;-0,236045666;1
"A_689";1205;"689C_1";"etourneau_sansonnet";0;0,193327346;0,787022912;1,449884754;-0,236045666;1
"A_689";1619;"689B_1";"mesange_a_longue_queue";0;0,193327346;0,787022912;1,449884754;-0,236045666;1
"A_689";161;"689A_1";"pinson_des_arbres";2;0,193327346;0,787022912;1,449884754;-0,236045666;1
"A_689";163;"689B_1";"pinson_des_arbres";3;0,193327346;0,787022912;1,449884754;-0,236045666;1
"A_689";165;"689C_1";"pinson_des_arbres";1;0,193327346;0,787022912;1,449884754;-0,236045666;1
"A_689";1203;"689B_1";"etourneau_sansonnet";1;0,193327346;0,787022912;1,449884754;-0,236045666;1
"A_689";371;"689B_1";"corneille_noire";8;0,193327346;0,787022912;1,449884754;-0,236045666;1
"A_689";373;"689C_1";"corneille_noire";3;0,193327346;0,787022912;1,449884754;-0,236045666;1
"A_689";995;"689B_1";"pic_epeiche";0;0,193327346;0,787022912;1,449884754;-0,236045666;1
"A_689";577;"689A_1";"pouillot_veloce";1;0,193327346;0,787022912;1,449884754;-0,236045666;1
"A_689";999;"689D_1";"pic_epeiche";0;0,193327346;0,787022912;1,449884754;-0,236045666;1
"A_689";583;"689D_1";"pouillot_veloce";2;0,193327346;0,787022912;1,449884754;-0,236045666;1
"A_689";2241;"689A_1";"grive_draine";0;0,193327346;0,787022912;1,449884754;-0,236045666;1
"A_689";791;"689D_1";"tourterelle_des_bois";0;0,193327346;0,787022912;1,449884754;-0,236045666;1
"A_689";2245;"689C_1";"grive_draine";0;0,193327346;0,787022912;1,449884754;-0,236045666;1
"A_689";1621;"689C_1";"mesange_a_longue_queue";0;0,193327346;0,787022912;1,449884754;-0,236045666;1
"A_689";2033;"689A_1";"accenteur_mouchet";1;0,193327346;0,787022912;1,449884754;-0,236045666;1
"A_689";2247;"689D_1";"grive_draine";0;0,193327346;0,787022912;1,449884754;-0,236045666;1
"A_689";2035;"689B_1";"accenteur_mouchet";1;0,193327346;0,787022912;1,449884754;-0,236045666;1
"A_689";167;"689D_1";"pinson_des_arbres";1;0,193327346;0,787022912;1,449884754;-0,236045666;1
"A_689";369;"689A_1";"corneille_noire";3;0,193327346;0,787022912;1,449884754;-0,236045666;1
"A_689";1207;"689D_1";"etourneau_sansonnet";5;0,193327346;0,787022912;1,449884754;-0,236045666;1
"A_689";375;"689D_1";"corneille_noire";6;0,193327346;0,787022912;1,449884754;-0,236045666;1
"A_689";1623;"689D_1";"mesange_a_longue_queue";1;0,193327346;0,787022912;1,449884754;-0,236045666;1
"A_689";2037;"689C_1";"accenteur_mouchet";1;0,193327346;0,787022912;1,449884754;-0,236045666;1
"A_689";2243;"689B_1";"grive_draine";0;0,193327346;0,787022912;1,449884754;-0,236045666;1
"A_689";2039;"689D_1";"accenteur_mouchet";0;0,193327346;0,787022912;1,449884754;-0,236045666;1
"A_695";793;"695A_1";"tourterelle_des_bois";0;0,213600965;-1,391468217;-0,532037165;-0,127121607;1
"A_695";1007;"695D_1";"pic_epeiche";0;0,213600965;-1,391468217;-0,532037165;-0,127121607;1
"A_695";795;"695B_1";"tourterelle_des_bois";0;0,213600965;-1,391468217;-0,532037165;-0,127121607;1
"A_695";379;"695B_1";"corneille_noire";2;0,213600965;-1,391468217;-0,532037165;-0,127121607;1
"A_695";1003;"695B_1";"pic_epeiche";1;0,213600965;-1,391468217;-0,532037165;-0,127121607;1
"A_695";381;"695C_1";"corneille_noire";0;0,213600965;-1,391468217;-0,532037165;-0,127121607;1
"A_695";589;"695C_1";"pouillot_veloce";2;0,213600965;-1,391468217;-0,532037165;-0,127121607;1
"A_695";2249;"695A_1";"grive_draine";0;0,213600965;-1,391468217;-0,532037165;-0,127121607;1
"A_695";799;"695D_1";"tourterelle_des_bois";0;0,213600965;-1,391468217;-0,532037165;-0,127121607;1
"A_695";1001;"695A_1";"pic_epeiche";0;0,213600965;-1,391468217;-0,532037165;-0,127121607;1
"A_695";383;"695D_1";"corneille_noire";3;0,213600965;-1,391468217;-0,532037165;-0,127121607;1
"A_695";585;"695A_1";"pouillot_veloce";3;0,213600965;-1,391468217;-0,532037165;-0,127121607;1
"A_695";587;"695B_1";"pouillot_veloce";2;0,213600965;-1,391468217;-0,532037165;-0,127121607;1
"A_695";1209;"695A_1";"etourneau_sansonnet";8;0,213600965;-1,391468217;-0,532037165;-0,127121607;1
"A_695";591;"695D_1";"pouillot_veloce";1;0,213600965;-1,391468217;-0,532037165;-0,127121607;1
"A_695";797;"695C_1";"tourterelle_des_bois";0;0,213600965;-1,391468217;-0,532037165;-0,127121607;1
"A_695";1625;"695A_1";"mesange_a_longue_queue";0;0,213600965;-1,391468217;-0,532037165;-0,127121607;1
"A_695";2253;"695C_1";"grive_draine";0;0,213600965;-1,391468217;-0,532037165;-0,127121607;1
"A_695";1005;"695C_1";"pic_epeiche";0;0,213600965;-1,391468217;-0,532037165;-0,127121607;1
"A_695";171;"695B_1";"pinson_des_arbres";4;0,213600965;-1,391468217;-0,532037165;-0,127121607;1
"A_695";173;"695C_1";"pinson_des_arbres";3;0,213600965;-1,391468217;-0,532037165;-0,127121607;1
"A_695";1211;"695B_1";"etourneau_sansonnet";0;0,213600965;-1,391468217;-0,532037165;-0,127121607;1
"A_695";2047;"695D_1";"accenteur_mouchet";0;0,213600965;-1,391468217;-0,532037165;-0,127121607;1
"A_695";1213;"695C_1";"etourneau_sansonnet";3;0,213600965;-1,391468217;-0,532037165;-0,127121607;1
"A_695";2251;"695B_1";"grive_draine";0;0,213600965;-1,391468217;-0,532037165;-0,127121607;1
"A_695";1627;"695B_1";"mesange_a_longue_queue";0;0,213600965;-1,391468217;-0,532037165;-0,127121607;1
"A_695";1631;"695D_1";"mesange_a_longue_queue";0;0,213600965;-1,391468217;-0,532037165;-0,127121607;1
"A_695";377;"695A_1";"corneille_noire";11;0,213600965;-1,391468217;-0,532037165;-0,127121607;1
"A_695";1215;"695D_1";"etourneau_sansonnet";4;0,213600965;-1,391468217;-0,532037165;-0,127121607;1
"A_695";1629;"695C_1";"mesange_a_longue_queue";0;0,213600965;-1,391468217;-0,532037165;-0,127121607;1
"A_695";169;"695A_1";"pinson_des_arbres";1;0,213600965;-1,391468217;-0,532037165;-0,127121607;1
"A_695";2041;"695A_1";"accenteur_mouchet";2;0,213600965;-1,391468217;-0,532037165;-0,127121607;1
"A_695";2255;"695D_1";"grive_draine";0;0,213600965;-1,391468217;-0,532037165;-0,127121607;1
"A_695";175;"695D_1";"pinson_des_arbres";1;0,213600965;-1,391468217;-0,532037165;-0,127121607;1
"A_695";2045;"695C_1";"accenteur_mouchet";0;0,213600965;-1,391468217;-0,532037165;-0,127121607;1
"A_695";2043;"695B_1";"accenteur_mouchet";1;0,213600965;-1,391468217;-0,532037165;-0,127121607;1
"A_702";801;"702A_1";"tourterelle_des_bois";0;-0,795740994;0,068786754;0,299558604;-1,574150327;1
"A_702";179;"702B_1";"pinson_des_arbres";1;-0,795740994;0,068786754;0,299558604;-1,574150327;1
"A_702";803;"702B_1";"tourterelle_des_bois";0;-0,795740994;0,068786754;0,299558604;-1,574150327;1
"A_702";595;"702B_1";"pouillot_veloce";1;-0,795740994;0,068786754;0,299558604;-1,574150327;1
"A_702";597;"702C_1";"pouillot_veloce";1;-0,795740994;0,068786754;0,299558604;-1,574150327;1
"A_702";599;"702D_1";"pouillot_veloce";0;-0,795740994;0,068786754;0,299558604;-1,574150327;1
"A_702";1009;"702A_1";"pic_epeiche";0;-0,795740994;0,068786754;0,299558604;-1,574150327;1
"A_702";387;"702B_1";"corneille_noire";0;-0,795740994;0,068786754;0,299558604;-1,574150327;1
"A_702";2049;"702A_1";"accenteur_mouchet";0;-0,795740994;0,068786754;0,299558604;-1,574150327;1
"A_702";181;"702C_1";"pinson_des_arbres";2;-0,795740994;0,068786754;0,299558604;-1,574150327;1
"A_702";183;"702D_1";"pinson_des_arbres";0;-0,795740994;0,068786754;0,299558604;-1,574150327;1
"A_702";805;"702C_1";"tourterelle_des_bois";0;-0,795740994;0,068786754;0,299558604;-1,574150327;1
"A_702";389;"702C_1";"corneille_noire";0;-0,795740994;0,068786754;0,299558604;-1,574150327;1
"A_702";2259;"702B_1";"grive_draine";0;-0,795740994;0,068786754;0,299558604;-1,574150327;1
"A_702";391;"702D_1";"corneille_noire";0;-0,795740994;0,068786754;0,299558604;-1,574150327;1
"A_702";593;"702A_1";"pouillot_veloce";3;-0,795740994;0,068786754;0,299558604;-1,574150327;1
"A_702";177;"702A_1";"pinson_des_arbres";3;-0,795740994;0,068786754;0,299558604;-1,574150327;1
"A_702";1217;"702A_1";"etourneau_sansonnet";1;-0,795740994;0,068786754;0,299558604;-1,574150327;1
"A_702";2055;"702D_1";"accenteur_mouchet";0;-0,795740994;0,068786754;0,299558604;-1,574150327;1
"A_702";1633;"702A_1";"mesange_a_longue_queue";2;-0,795740994;0,068786754;0,299558604;-1,574150327;1
"A_702";2261;"702C_1";"grive_draine";0;-0,795740994;0,068786754;0,299558604;-1,574150327;1
"A_702";1013;"702C_1";"pic_epeiche";0;-0,795740994;0,068786754;0,299558604;-1,574150327;1
"A_702";2051;"702B_1";"accenteur_mouchet";0;-0,795740994;0,068786754;0,299558604;-1,574150327;1
"A_702";2053;"702C_1";"accenteur_mouchet";0;-0,795740994;0,068786754;0,299558604;-1,574150327;1
"A_702";2257;"702A_1";"grive_draine";1;-0,795740994;0,068786754;0,299558604;-1,574150327;1
"A_702";807;"702D_1";"tourterelle_des_bois";0;-0,795740994;0,068786754;0,299558604;-1,574150327;1
"A_702";1011;"702B_1";"pic_epeiche";0;-0,795740994;0,068786754;0,299558604;-1,574150327;1
"A_702";1637;"702C_1";"mesange_a_longue_queue";0;-0,795740994;0,068786754;0,299558604;-1,574150327;1
"A_702";2263;"702D_1";"grive_draine";0;-0,795740994;0,068786754;0,299558604;-1,574150327;1
"A_702";385;"702A_1";"corneille_noire";0;-0,795740994;0,068786754;0,299558604;-1,574150327;1
"A_702";1639;"702D_1";"mesange_a_longue_queue";0;-0,795740994;0,068786754;0,299558604;-1,574150327;1
"A_702";1015;"702D_1";"pic_epeiche";0;-0,795740994;0,068786754;0,299558604;-1,574150327;1
"A_702";1219;"702B_1";"etourneau_sansonnet";6;-0,795740994;0,068786754;0,299558604;-1,574150327;1
"A_702";1221;"702C_1";"etourneau_sansonnet";1;-0,795740994;0,068786754;0,299558604;-1,574150327;1
"A_702";1223;"702D_1";"etourneau_sansonnet";1;-0,795740994;0,068786754;0,299558604;-1,574150327;1
"A_702";1635;"702B_1";"mesange_a_longue_queue";0;-0,795740994;0,068786754;0,299558604;-1,574150327;1
"A_708";395;"708B_1";"corneille_noire";15;-0,417798837;0,639570456;-1,207189932;-0,822564991;1
"A_708";191;"708D_1";"pinson_des_arbres";2;-0,417798837;0,639570456;-1,207189932;-0,822564991;1
"A_708";189;"708C_1";"pinson_des_arbres";3;-0,417798837;0,639570456;-1,207189932;-0,822564991;1
"A_708";187;"708B_1";"pinson_des_arbres";2;-0,417798837;0,639570456;-1,207189932;-0,822564991;1
"A_708";811;"708B_1";"tourterelle_des_bois";0;-0,417798837;0,639570456;-1,207189932;-0,822564991;1
"A_708";2265;"708A_1";"grive_draine";2;-0,417798837;0,639570456;-1,207189932;-0,822564991;1
"A_708";809;"708A_1";"tourterelle_des_bois";0;-0,417798837;0,639570456;-1,207189932;-0,822564991;1
"A_708";2267;"708B_1";"grive_draine";2;-0,417798837;0,639570456;-1,207189932;-0,822564991;1
"A_708";397;"708C_1";"corneille_noire";1;-0,417798837;0,639570456;-1,207189932;-0,822564991;1
"A_708";603;"708B_1";"pouillot_veloce";1;-0,417798837;0,639570456;-1,207189932;-0,822564991;1
"A_708";601;"708A_1";"pouillot_veloce";1;-0,417798837;0,639570456;-1,207189932;-0,822564991;1
"A_708";1227;"708B_1";"etourneau_sansonnet";2;-0,417798837;0,639570456;-1,207189932;-0,822564991;1
"A_708";1641;"708A_1";"mesange_a_longue_queue";0;-0,417798837;0,639570456;-1,207189932;-0,822564991;1
"A_708";399;"708D_1";"corneille_noire";2;-0,417798837;0,639570456;-1,207189932;-0,822564991;1
"A_708";185;"708A_1";"pinson_des_arbres";1;-0,417798837;0,639570456;-1,207189932;-0,822564991;1
"A_708";2057;"708A_1";"accenteur_mouchet";2;-0,417798837;0,639570456;-1,207189932;-0,822564991;1
"A_708";2061;"708C_1";"accenteur_mouchet";2;-0,417798837;0,639570456;-1,207189932;-0,822564991;1
"A_708";2063;"708D_1";"accenteur_mouchet";1;-0,417798837;0,639570456;-1,207189932;-0,822564991;1
"A_708";1229;"708C_1";"etourneau_sansonnet";2;-0,417798837;0,639570456;-1,207189932;-0,822564991;1
"A_708";813;"708C_1";"tourterelle_des_bois";0;-0,417798837;0,639570456;-1,207189932;-0,822564991;1
"A_708";1643;"708B_1";"mesange_a_longue_queue";0;-0,417798837;0,639570456;-1,207189932;-0,822564991;1
"A_708";2269;"708C_1";"grive_draine";1;-0,417798837;0,639570456;-1,207189932;-0,822564991;1
"A_708";2271;"708D_1";"grive_draine";1;-0,417798837;0,639570456;-1,207189932;-0,822564991;1
"A_708";2059;"708B_1";"accenteur_mouchet";1;-0,417798837;0,639570456;-1,207189932;-0,822564991;1
"A_708";605;"708C_1";"pouillot_veloce";2;-0,417798837;0,639570456;-1,207189932;-0,822564991;1
"A_708";607;"708D_1";"pouillot_veloce";1;-0,417798837;0,639570456;-1,207189932;-0,822564991;1
"A_708";393;"708A_1";"corneille_noire";1;-0,417798837;0,639570456;-1,207189932;-0,822564991;1
"A_708";1231;"708D_1";"etourneau_sansonnet";19;-0,417798837;0,639570456;-1,207189932;-0,822564991;1
"A_708";1019;"708B_1";"pic_epeiche";0;-0,417798837;0,639570456;-1,207189932;-0,822564991;1
"A_708";1647;"708D_1";"mesange_a_longue_queue";0;-0,417798837;0,639570456;-1,207189932;-0,822564991;1
"A_708";1225;"708A_1";"etourneau_sansonnet";6;-0,417798837;0,639570456;-1,207189932;-0,822564991;1
"A_708";1023;"708D_1";"pic_epeiche";0;-0,417798837;0,639570456;-1,207189932;-0,822564991;1
"A_708";815;"708D_1";"tourterelle_des_bois";0;-0,417798837;0,639570456;-1,207189932;-0,822564991;1
"A_708";1017;"708A_1";"pic_epeiche";0;-0,417798837;0,639570456;-1,207189932;-0,822564991;1
"A_708";1645;"708C_1";"mesange_a_longue_queue";0;-0,417798837;0,639570456;-1,207189932;-0,822564991;1
"A_708";1021;"708C_1";"pic_epeiche";0;-0,417798837;0,639570456;-1,207189932;-0,822564991;1
"A_771";197;"771C_1";"pinson_des_arbres";2;1,133020819;0,416013506;-1,474422022;-2,051613732;1
"A_771";403;"771B_1";"corneille_noire";4;1,133020819;0,416013506;-1,474422022;-2,051613732;1
"A_771";195;"771B_1";"pinson_des_arbres";5;1,133020819;0,416013506;-1,474422022;-2,051613732;1
"A_771";1025;"771A_1";"pic_epeiche";0;1,133020819;0,416013506;-1,474422022;-2,051613732;1
"A_771";2065;"771A_1";"accenteur_mouchet";0;1,133020819;0,416013506;-1,474422022;-2,051613732;1
"A_771";1031;"771D_1";"pic_epeiche";0;1,133020819;0,416013506;-1,474422022;-2,051613732;1
"A_771";193;"771A_1";"pinson_des_arbres";8;1,133020819;0,416013506;-1,474422022;-2,051613732;1
"A_771";199;"771D_1";"pinson_des_arbres";6;1,133020819;0,416013506;-1,474422022;-2,051613732;1
"A_771";2071;"771D_1";"accenteur_mouchet";0;1,133020819;0,416013506;-1,474422022;-2,051613732;1
"A_771";1649;"771A_1";"mesange_a_longue_queue";0;1,133020819;0,416013506;-1,474422022;-2,051613732;1
"A_771";407;"771D_1";"corneille_noire";1;1,133020819;0,416013506;-1,474422022;-2,051613732;1
"A_771";609;"771A_1";"pouillot_veloce";1;1,133020819;0,416013506;-1,474422022;-2,051613732;1
"A_771";611;"771B_1";"pouillot_veloce";4;1,133020819;0,416013506;-1,474422022;-2,051613732;1
"A_771";2067;"771B_1";"accenteur_mouchet";0;1,133020819;0,416013506;-1,474422022;-2,051613732;1
"A_771";817;"771A_1";"tourterelle_des_bois";0;1,133020819;0,416013506;-1,474422022;-2,051613732;1
"A_771";819;"771B_1";"tourterelle_des_bois";0;1,133020819;0,416013506;-1,474422022;-2,051613732;1
"A_771";405;"771C_1";"corneille_noire";4;1,133020819;0,416013506;-1,474422022;-2,051613732;1
"A_771";823;"771D_1";"tourterelle_des_bois";0;1,133020819;0,416013506;-1,474422022;-2,051613732;1
"A_771";1027;"771B_1";"pic_epeiche";1;1,133020819;0,416013506;-1,474422022;-2,051613732;1
"A_771";1029;"771C_1";"pic_epeiche";0;1,133020819;0,416013506;-1,474422022;-2,051613732;1
"A_771";1233;"771A_1";"etourneau_sansonnet";1;1,133020819;0,416013506;-1,474422022;-2,051613732;1
"A_771";1235;"771B_1";"etourneau_sansonnet";0;1,133020819;0,416013506;-1,474422022;-2,051613732;1
"A_771";1237;"771C_1";"etourneau_sansonnet";0;1,133020819;0,416013506;-1,474422022;-2,051613732;1
"A_771";1239;"771D_1";"etourneau_sansonnet";0;1,133020819;0,416013506;-1,474422022;-2,051613732;1
"A_771";1651;"771B_1";"mesange_a_longue_queue";0;1,133020819;0,416013506;-1,474422022;-2,051613732;1
"A_771";1653;"771C_1";"mesange_a_longue_queue";0;1,133020819;0,416013506;-1,474422022;-2,051613732;1
"A_771";1655;"771D_1";"mesange_a_longue_queue";0;1,133020819;0,416013506;-1,474422022;-2,051613732;1
"A_771";2069;"771C_1";"accenteur_mouchet";0;1,133020819;0,416013506;-1,474422022;-2,051613732;1
"A_771";401;"771A_1";"corneille_noire";4;1,133020819;0,416013506;-1,474422022;-2,051613732;1
"A_771";2273;"771A_1";"grive_draine";0;1,133020819;0,416013506;-1,474422022;-2,051613732;1
"A_771";2275;"771B_1";"grive_draine";0;1,133020819;0,416013506;-1,474422022;-2,051613732;1
"A_771";2277;"771C_1";"grive_draine";0;1,133020819;0,416013506;-1,474422022;-2,051613732;1
"A_771";2279;"771D_1";"grive_draine";1;1,133020819;0,416013506;-1,474422022;-2,051613732;1
"A_771";613;"771C_1";"pouillot_veloce";3;1,133020819;0,416013506;-1,474422022;-2,051613732;1
"A_771";615;"771D_1";"pouillot_veloce";1;1,133020819;0,416013506;-1,474422022;-2,051613732;1
"A_771";821;"771C_1";"tourterelle_des_bois";0;1,133020819;0,416013506;-1,474422022;-2,051613732;1
