;HIEVIR;LACBIL;NATMAU;NATNAT;PODMUR;ZAMLON;CORGIR;ANGFRA;MALMON;PODLIO;RHISCA;VIPASP;CHASTR;TARMAU;TIMLEP;PSAALG;PSAEDW;EMYORB;MAULEP;CORAUS;HEMTUR;ZOOVIV;LACAGI;VIPBER
ID1007;1;1;1;1;1;1;0;0;0;0;0;0;0;0;0;0;0;0;0;0;0;0;0;0
ID1008;1;1;0;1;1;0;0;0;0;0;0;0;0;0;0;0;0;0;0;0;0;0;0;0
ID1009;1;1;1;0;1;0;1;0;0;0;0;0;0;0;0;0;0;0;0;0;0;0;0;0
ID1010;1;1;1;0;1;1;1;1;1;1;1;1;0;0;0;0;0;0;0;0;0;0;0;0
ID1011;0;1;1;1;1;1;1;1;1;1;1;0;1;1;1;0;0;0;0;0;0;0;0;0
ID1012;1;1;1;1;1;1;1;0;1;1;1;1;1;1;1;1;0;0;0;0;0;0;0;0
ID1013;0;1;0;0;1;1;0;1;1;1;1;1;1;1;1;1;1;0;0;0;0;0;0;0
ID1014;0;1;0;1;0;0;0;1;1;1;1;0;1;1;1;1;1;0;0;0;0;0;0;0
ID1015;0;1;1;1;0;1;0;1;1;1;1;0;0;1;1;1;1;1;0;0;0;0;0;0
ID1016;0;1;1;1;1;0;0;1;1;1;1;0;1;1;1;1;1;1;1;0;0;0;0;0
ID1017;0;1;1;1;0;1;1;1;1;1;1;0;1;1;1;1;1;0;1;0;0;0;0;0
ID104;0;1;0;0;1;0;0;0;0;0;0;0;0;0;0;0;0;0;0;1;0;0;0;0
ID1048;0;1;0;1;1;1;0;0;0;1;0;1;1;0;0;0;0;0;0;0;0;0;0;0
ID1049;1;1;1;1;1;1;1;1;1;1;0;1;0;0;0;0;0;0;0;0;0;0;0;0
ID1050;1;1;1;1;1;1;1;1;1;1;0;1;1;1;1;0;0;0;0;0;0;0;0;0
ID1051;0;1;1;1;1;1;1;1;1;1;1;1;1;1;1;0;0;0;0;0;0;0;0;0
ID1052;0;1;1;1;1;1;1;1;1;1;0;1;1;0;1;0;0;0;0;0;0;0;0;0
ID1053;0;1;1;1;0;1;0;1;1;1;1;1;1;1;1;1;0;1;0;0;0;0;0;0
ID1054;0;1;1;0;0;0;0;0;1;1;1;1;0;1;1;1;0;1;0;0;0;0;0;0
ID1055;0;1;1;1;0;0;0;1;1;1;1;0;0;1;1;1;1;1;0;0;0;0;0;0
ID1056;0;1;1;1;0;1;0;0;1;1;1;0;1;1;1;1;1;1;0;0;0;0;0;0
ID1057;0;1;1;1;1;1;1;1;1;1;1;0;1;1;1;1;1;0;0;0;1;0;0;0
ID1089;1;1;1;0;1;0;1;1;1;1;1;0;1;0;0;0;0;0;0;0;0;0;0;0
ID109;1;1;0;0;1;0;0;0;0;0;0;0;0;0;0;0;0;0;0;0;0;0;0;0
ID1090;0;1;1;1;1;1;1;1;1;1;0;0;1;1;1;0;0;0;0;0;0;0;0;0
ID1091;0;1;1;1;1;1;0;1;1;1;1;1;1;0;0;0;0;0;0;0;0;0;0;0
ID1092;0;1;1;1;1;1;0;1;1;1;0;1;1;0;0;0;0;0;0;1;0;0;0;0
ID1093;0;1;1;1;0;1;0;1;1;1;1;1;1;0;1;1;0;0;0;0;0;0;0;0
ID1094;0;1;1;1;0;0;1;1;1;1;1;1;0;0;1;1;0;0;0;0;0;0;0;0
ID1095;0;0;1;1;0;0;1;1;1;1;1;0;1;1;1;1;1;0;0;0;0;0;0;0
ID1096;0;1;1;0;0;0;0;1;1;1;1;0;1;1;1;1;0;0;0;0;0;0;0;0
ID110;1;1;1;1;1;0;0;0;0;1;0;0;0;0;1;0;0;0;0;0;0;0;0;0
ID111;0;1;0;0;1;1;0;0;0;0;0;0;0;0;0;0;0;0;0;0;0;0;0;0
ID1128;1;0;1;1;1;1;0;1;1;0;0;1;0;0;0;0;0;0;0;0;0;1;0;0
ID1129;1;1;1;1;1;1;1;1;1;1;0;1;1;0;1;0;0;0;0;0;0;1;0;0
ID1130;0;1;1;1;1;1;1;1;1;1;0;0;1;1;1;0;0;0;1;0;0;0;0;0
ID1131;0;1;1;1;1;1;1;1;1;1;0;1;1;0;1;0;0;0;0;1;0;0;0;0
ID1132;0;1;1;1;1;1;0;1;0;1;0;1;0;0;1;0;0;0;0;0;0;0;0;0
ID1133;0;1;1;1;0;1;1;1;1;1;0;1;1;0;1;1;0;0;0;0;0;0;0;0
ID1134;0;1;1;1;0;0;0;1;1;1;1;0;0;1;1;1;1;0;0;0;0;0;0;0
ID1135;0;0;1;1;0;0;0;1;1;1;1;1;1;1;1;1;1;0;0;0;0;0;0;0
ID1136;0;1;1;1;0;1;1;1;1;1;1;1;1;1;1;1;1;0;1;0;0;0;0;0
ID1168;1;1;1;1;1;1;1;1;0;0;0;1;0;0;0;0;0;0;0;0;0;1;0;0
ID1169;1;1;1;1;1;1;1;0;1;1;0;1;0;0;0;0;0;0;0;1;0;0;0;0
ID1170;1;1;1;1;1;1;0;0;0;1;0;1;0;0;0;0;0;0;0;0;0;1;0;0
ID1171;0;1;1;1;1;1;1;1;1;1;0;1;1;0;0;0;0;0;0;1;0;0;0;0
ID1172;0;1;1;1;1;1;0;1;1;1;1;1;0;0;1;1;0;0;0;0;0;0;0;0
ID1173;0;1;1;1;1;1;1;0;1;1;1;0;0;1;1;1;1;0;0;0;0;0;0;0
ID1174;0;1;1;1;0;1;1;1;1;1;1;1;1;1;1;1;0;1;0;0;0;0;0;0
ID1175;0;0;1;0;0;0;1;1;1;1;1;0;1;1;1;1;1;0;0;0;0;0;0;0
ID1176;0;1;1;1;1;0;0;1;1;1;1;0;0;1;1;1;1;1;1;0;0;0;0;0
ID1210;1;1;1;1;1;1;0;1;0;0;0;1;0;0;0;0;0;0;0;0;0;1;1;0
ID1211;1;1;1;1;1;1;0;0;0;0;0;1;0;0;0;0;0;0;0;0;0;1;0;0
ID1212;0;1;1;1;1;0;1;1;1;1;1;1;0;1;1;1;0;0;0;0;0;0;0;0
ID1213;0;1;1;1;0;0;1;1;1;1;1;0;1;1;1;1;1;0;0;0;0;0;0;0
ID1214;0;0;1;1;1;0;1;1;1;1;1;0;1;1;1;1;1;1;1;0;0;0;0;0
ID1215;0;1;1;1;1;0;0;1;1;1;1;0;1;1;1;1;1;1;1;0;0;0;0;0
ID1216;0;0;1;1;1;0;0;1;1;1;1;0;0;1;1;1;1;1;1;0;0;0;0;0
ID1249;0;0;0;0;1;1;0;1;0;0;0;1;0;0;0;0;0;0;0;1;0;1;1;0
ID1250;1;1;1;1;1;0;1;1;1;1;0;1;0;0;0;0;0;0;0;1;0;1;1;0
ID1251;1;1;1;1;1;1;1;1;1;1;1;1;0;1;1;1;0;0;0;1;0;0;0;0
ID1252;0;1;1;1;1;1;0;1;1;1;1;1;0;1;1;1;0;0;0;0;0;0;0;0
ID1253;0;1;1;1;1;0;0;1;1;1;1;0;0;1;1;1;1;0;0;0;0;0;0;0
ID1254;0;0;1;1;1;0;1;1;1;1;1;0;1;1;1;1;0;0;1;0;0;0;0;0
ID1255;0;1;1;1;1;0;1;1;1;1;1;0;0;1;1;1;1;0;1;0;0;0;0;0
ID1256;0;1;1;1;1;0;0;1;1;1;1;0;0;1;1;1;1;0;1;0;0;0;0;0
ID1287;0;0;0;0;1;0;0;1;0;0;0;1;0;0;0;0;0;0;0;1;0;1;1;0
ID1288;0;1;0;0;1;0;0;0;0;0;0;1;0;0;0;0;0;0;0;0;0;1;1;0
ID1289;1;0;1;1;1;1;0;1;0;0;0;1;0;0;0;0;0;0;0;0;0;1;1;0
ID1290;1;1;1;0;1;1;0;0;1;1;0;1;1;1;1;1;0;0;0;0;0;0;1;0
ID1291;1;1;1;0;1;1;1;1;1;1;1;1;0;1;1;1;0;0;0;0;0;0;0;0
ID1292;0;1;1;1;1;1;1;1;1;1;0;1;0;1;0;1;0;0;0;0;0;0;0;0
ID1293;0;1;1;1;1;1;0;1;1;1;0;0;0;0;0;0;0;0;0;0;0;0;0;0
ID1294;0;0;1;0;0;0;0;0;1;1;0;0;0;1;1;1;0;0;0;0;0;0;0;0
ID1295;0;1;1;1;1;1;1;1;1;1;1;0;1;1;1;1;0;1;1;0;0;0;0;0
ID1296;0;0;1;1;1;1;0;1;1;1;1;0;0;1;1;1;0;0;0;0;0;0;0;0
ID1328;1;1;0;1;1;0;1;1;0;1;0;0;0;0;1;0;0;0;0;0;0;0;1;0
ID1329;1;1;0;0;1;0;0;1;0;1;0;1;0;0;1;0;0;0;0;0;0;0;1;0
ID1330;0;0;1;0;1;0;0;0;0;0;0;1;0;0;0;0;0;0;0;0;0;0;0;0
ID1331;1;1;1;0;1;0;1;1;0;0;0;1;0;0;1;0;0;0;0;0;0;0;0;0
ID1332;0;1;1;1;1;0;0;0;0;1;0;1;0;0;0;0;0;0;0;0;0;0;0;0
ID1333;0;1;0;0;1;0;0;1;1;1;0;1;0;1;0;0;0;0;0;0;0;0;0;0
ID1334;0;1;1;1;1;1;0;1;1;1;1;0;0;1;1;1;0;0;0;0;0;0;0;0
ID1335;0;1;1;1;1;1;0;1;1;1;0;0;0;1;1;1;0;0;1;0;0;0;0;0
ID1337;0;1;1;1;1;1;1;1;1;1;1;0;1;1;1;1;0;0;1;0;1;0;0;0
ID1372;1;1;0;1;1;1;0;1;0;1;0;0;0;1;1;0;0;0;0;1;0;0;0;0
ID1373;0;1;1;1;1;1;0;1;0;1;0;1;0;1;0;0;0;0;0;0;0;0;0;0
ID148;0;1;1;1;1;0;0;1;0;0;0;0;0;0;0;0;0;0;0;0;0;0;0;0
ID149;1;1;1;1;1;1;1;1;0;0;0;1;0;0;0;0;0;0;0;0;0;0;1;0
ID150;1;1;1;1;1;1;0;0;0;0;0;1;0;0;0;0;0;0;0;0;0;0;0;0
ID151;1;1;1;0;1;1;0;0;0;0;0;0;0;0;0;0;0;0;0;0;0;0;0;0
ID185;0;0;0;0;0;0;0;0;0;0;0;1;0;0;0;0;0;0;0;0;0;0;0;0
ID187;0;0;0;0;0;0;0;1;0;0;0;1;0;0;0;0;0;0;0;1;0;1;0;0
ID188;1;1;0;0;1;0;0;0;0;0;0;0;0;0;0;0;0;0;0;0;0;0;0;0
ID189;1;1;1;1;1;0;1;0;0;0;0;1;0;0;0;0;0;0;0;0;0;0;0;0
ID190;1;1;1;0;1;1;0;1;0;1;0;1;0;0;0;0;0;0;0;0;0;0;0;0
ID191;1;1;1;1;1;1;1;0;0;1;0;1;0;0;1;0;0;0;0;0;0;0;0;0
ID192;1;0;0;0;0;0;0;0;0;0;0;0;0;0;0;0;0;0;0;0;0;0;0;0
ID226;1;0;0;1;1;0;0;0;0;0;0;0;0;0;0;0;0;0;0;1;0;1;0;1
ID227;1;1;1;1;1;0;0;0;0;0;0;0;0;0;0;0;0;0;0;0;0;0;0;0
ID228;1;1;1;0;1;0;0;0;0;0;0;0;0;0;0;0;0;0;0;1;0;0;0;0
ID229;1;1;1;0;1;0;0;0;0;0;0;1;0;0;0;0;0;0;0;0;0;0;0;0
ID230;1;1;0;1;1;1;1;0;0;0;0;1;0;0;0;0;0;0;0;0;0;0;0;0
ID231;1;1;1;1;1;1;1;0;0;1;0;1;0;0;1;0;0;0;0;0;0;0;0;0
ID258;0;0;0;0;1;0;0;0;0;0;0;0;0;0;0;0;0;0;0;0;0;0;1;0
ID259;0;0;0;1;1;0;0;1;0;0;0;0;0;0;0;0;0;0;0;1;0;0;1;1
ID260;0;0;0;0;0;0;0;0;0;0;0;0;0;0;0;0;0;0;0;0;0;1;0;0
ID261;0;0;0;0;0;0;0;0;0;0;0;0;0;0;0;0;0;0;0;0;0;0;1;0
ID262;0;1;0;0;1;0;0;0;0;0;0;0;0;0;0;0;0;0;0;0;0;0;0;0
ID263;0;0;0;1;0;0;0;0;0;0;0;0;0;0;0;0;0;0;0;0;0;0;0;0
ID265;0;0;0;1;1;0;0;0;0;0;0;1;0;0;0;0;0;0;0;1;0;1;1;0
ID266;1;1;0;1;1;0;0;1;0;0;0;1;0;0;0;0;0;0;0;1;0;1;1;1
ID267;1;1;1;1;1;0;0;1;0;0;0;1;0;0;0;0;0;0;0;1;0;0;0;0
ID268;1;1;1;1;1;1;1;1;0;1;0;1;0;0;0;0;0;0;0;0;0;0;0;0
ID269;1;1;1;1;1;1;1;0;0;1;0;1;0;0;0;0;0;0;0;0;0;0;0;0
ID270;1;1;0;1;1;1;0;0;0;0;0;1;0;0;0;0;0;0;0;0;0;0;0;0
ID271;1;1;1;1;1;1;0;0;0;0;0;1;0;0;1;0;0;1;0;0;0;0;0;0
ID297;0;0;0;1;1;0;0;1;0;0;0;0;0;0;0;0;0;0;0;1;0;1;1;1
ID298;0;1;0;1;0;0;0;1;0;0;0;0;0;0;0;0;0;0;0;0;0;1;0;1
ID299;0;0;1;1;1;0;0;1;0;0;0;1;0;0;0;0;0;0;0;1;0;0;1;1
ID300;0;0;0;1;0;0;0;1;0;0;0;0;0;0;0;0;0;0;0;1;0;1;1;1
ID301;0;1;0;1;1;1;0;0;0;0;0;0;0;0;0;0;0;0;0;1;0;1;1;1
ID302;0;1;1;1;1;0;0;1;0;0;0;1;0;0;0;0;0;0;0;1;0;0;1;1
ID303;0;1;1;1;1;0;0;1;0;0;0;1;0;0;0;0;0;0;0;0;0;0;1;1
ID304;0;1;0;1;1;0;0;1;0;0;0;1;0;0;0;0;0;0;0;0;0;1;1;1
ID305;1;1;0;1;1;0;0;1;0;0;0;1;0;0;0;0;0;0;0;1;0;1;1;1
ID306;1;1;1;1;1;0;0;1;0;0;0;1;0;0;0;0;0;0;0;1;0;1;1;1
ID307;1;1;1;1;1;1;1;1;0;0;0;1;0;0;0;0;0;0;0;0;0;1;0;1
ID308;1;1;1;1;1;1;1;0;0;1;0;1;0;0;0;0;0;0;0;0;0;0;0;0
ID309;1;1;1;1;1;1;1;1;1;1;0;1;0;0;1;0;0;0;0;0;0;0;0;0
ID310;1;1;1;1;1;1;1;1;1;1;0;1;0;0;0;0;0;0;0;0;0;0;0;0
ID311;1;1;1;0;1;0;1;0;0;0;0;0;0;0;0;0;0;0;0;0;0;0;0;0
ID337;0;0;0;1;1;0;0;0;0;0;0;1;0;0;0;0;0;0;0;1;0;1;1;1
ID338;0;0;0;1;1;0;0;0;0;0;0;0;0;0;0;0;0;0;0;1;0;1;1;1
ID339;0;0;0;1;1;0;0;0;0;0;0;0;0;0;0;0;0;0;0;1;0;1;1;0
ID340;0;0;0;1;1;0;0;0;0;0;0;0;0;0;0;0;0;0;0;1;0;0;1;1
ID341;0;0;0;1;1;0;0;0;0;0;0;0;0;0;0;0;0;0;0;0;0;1;1;1
ID342;1;1;1;1;1;0;0;1;0;0;0;1;0;0;0;0;0;0;0;1;0;1;1;1
ID343;0;0;0;1;1;0;0;0;0;0;0;0;0;0;0;0;0;1;0;1;0;0;1;1
ID344;0;0;0;1;1;0;0;1;0;0;0;0;0;0;0;0;0;0;0;1;0;1;1;1
ID345;1;1;0;1;1;0;1;1;0;0;0;1;0;0;0;0;0;0;0;0;0;1;0;1
ID346;1;1;1;1;1;1;1;0;0;1;0;1;0;0;0;0;0;0;0;0;0;1;0;1
ID347;1;1;1;1;1;1;1;1;1;1;0;0;0;1;0;0;0;0;0;0;0;0;0;0
ID348;1;1;0;1;1;1;1;1;1;1;0;1;0;0;1;0;0;0;0;0;0;0;0;0
ID349;1;1;1;1;1;1;1;0;1;1;0;1;0;1;0;0;0;0;0;0;0;0;1;0
ID350;1;1;1;1;1;1;1;1;1;1;1;1;0;0;0;0;0;0;0;0;0;0;0;0
ID351;0;1;0;0;1;0;0;0;0;0;0;0;0;0;0;0;0;0;0;0;0;0;0;0
ID377;1;0;0;1;1;0;0;0;0;0;0;0;0;0;0;0;0;0;0;1;0;1;1;1
ID378;1;1;0;1;1;0;0;1;0;0;0;1;0;0;0;0;0;0;0;1;0;1;1;1
ID379;1;1;1;1;1;0;1;1;0;0;0;1;0;0;0;0;0;1;0;1;0;0;0;0
ID380;1;1;0;1;1;0;0;1;0;0;0;1;0;0;0;0;0;0;0;1;0;1;1;1
ID381;1;1;0;1;1;0;0;1;0;0;0;1;0;0;0;0;0;0;0;1;0;1;1;1
ID382;0;0;0;1;1;0;0;0;0;0;0;0;0;0;0;0;0;0;0;1;0;1;0;1
ID383;0;1;0;1;1;0;0;1;0;0;0;1;0;0;0;0;0;0;0;0;0;1;1;1
ID384;0;1;1;1;1;1;0;1;0;0;0;0;0;0;0;0;0;0;0;0;0;1;1;1
ID385;1;1;0;1;1;0;0;0;0;0;0;1;0;0;0;0;0;0;0;1;0;1;1;1
ID386;0;1;1;1;1;1;1;1;1;1;0;1;0;0;0;0;0;0;0;0;0;0;0;0
ID387;0;1;1;1;1;1;1;1;1;1;0;0;0;1;1;0;0;0;0;0;0;0;0;0
ID388;1;1;1;1;1;1;1;1;1;1;1;0;1;0;1;0;0;0;0;0;0;0;0;0
ID389;1;1;1;1;1;1;1;1;1;1;0;1;1;0;1;0;0;0;0;0;0;0;0;0
ID390;1;1;1;1;1;0;0;1;1;0;0;0;1;0;0;0;0;0;0;0;0;0;0;0
ID391;0;1;0;0;1;0;0;0;0;0;0;0;0;0;0;0;0;0;0;0;0;0;0;0
ID417;0;1;1;1;0;0;0;1;0;0;0;1;0;0;0;0;0;0;0;1;0;1;1;1
ID418;1;1;1;1;1;1;0;1;0;0;0;1;0;0;0;0;0;0;0;1;0;1;1;1
ID419;1;1;1;1;1;0;0;1;0;0;0;1;0;0;0;0;0;0;0;1;0;0;1;0
ID420;1;1;1;1;1;0;1;1;0;0;0;1;0;0;0;0;0;0;0;1;0;0;0;0
ID421;1;1;1;0;1;0;0;1;0;0;0;1;0;0;0;0;0;0;0;0;0;1;0;0
ID422;1;1;1;0;1;0;0;1;0;0;0;1;0;0;0;0;0;0;0;1;0;0;0;1
ID423;0;1;0;0;1;0;1;1;0;0;0;1;0;0;0;0;0;0;0;0;0;0;0;0
ID424;1;1;1;1;1;1;1;1;1;1;0;1;0;0;1;0;0;0;0;1;0;1;1;0
ID425;0;1;1;1;1;1;1;1;1;1;0;0;0;0;1;0;0;0;0;0;0;0;0;0
ID426;0;1;1;1;1;1;1;0;1;1;1;0;0;0;1;0;0;0;0;0;0;0;0;0
ID427;1;1;1;1;1;1;1;1;1;1;1;0;1;1;1;0;0;1;1;0;0;0;0;0
ID428;0;1;1;1;1;1;1;1;1;1;1;1;1;0;1;0;0;0;0;0;0;0;0;0
ID429;0;1;1;0;1;1;1;1;1;1;1;0;0;0;0;0;0;0;0;0;0;0;0;0
ID430;1;1;1;1;1;1;1;1;1;1;1;0;1;1;0;0;0;0;0;0;0;0;0;0
ID431;1;0;0;0;1;0;0;0;0;0;0;0;0;0;0;0;0;0;0;0;0;0;0;0
ID432;0;1;0;0;0;0;0;0;0;0;0;1;0;0;0;0;0;0;0;0;0;0;0;0
ID458;1;1;1;1;1;1;1;1;0;0;0;1;0;0;0;0;0;0;0;1;0;0;0;0
ID459;1;1;1;1;1;0;0;1;0;0;0;1;0;0;0;0;0;0;0;1;0;0;0;0
ID460;1;1;1;0;1;1;0;0;0;0;0;1;0;0;0;0;0;0;0;1;0;0;0;0
ID461;1;1;1;1;1;1;1;1;0;1;0;1;0;0;0;0;0;0;0;0;0;1;1;1
ID462;1;1;0;0;1;0;0;1;0;0;0;1;0;0;0;0;0;0;0;1;0;1;1;1
ID463;0;1;1;1;1;0;1;0;0;1;0;1;0;0;0;0;0;0;0;1;0;1;1;1
ID464;0;1;1;1;1;1;0;1;1;1;0;1;0;0;0;0;0;0;0;0;0;1;1;1
ID465;0;1;1;1;1;1;0;1;1;1;1;0;1;1;1;0;0;0;0;0;0;0;0;0
ID466;0;1;1;1;1;1;1;1;1;1;1;1;1;0;1;0;0;1;0;0;0;0;0;0
ID467;0;1;1;1;1;1;1;1;1;1;1;0;1;1;1;0;0;1;0;0;0;0;0;0
ID468;0;1;1;1;1;1;1;1;1;1;1;1;1;0;0;0;0;0;0;1;0;0;0;0
ID469;0;1;1;1;1;1;0;1;1;1;0;1;1;0;0;0;0;0;0;0;0;0;0;0
ID470;1;1;1;0;1;1;0;1;1;1;1;0;1;0;0;0;0;0;0;0;0;0;0;0
ID471;1;1;1;1;1;1;1;0;0;0;0;0;1;0;0;0;0;0;0;0;0;0;0;0
ID472;0;1;0;0;0;0;0;0;0;0;0;0;0;0;0;0;0;0;0;0;0;0;0;0
ID498;1;1;0;1;1;1;0;1;0;1;0;1;0;0;0;0;0;0;0;0;0;0;0;0
ID499;1;1;0;0;1;1;1;0;0;1;0;1;0;0;1;0;0;0;0;0;0;0;0;0
ID500;1;1;1;1;1;1;1;0;0;1;0;1;0;0;1;0;0;0;0;1;0;0;0;0
ID501;1;1;1;1;1;1;1;0;0;1;0;1;0;0;1;0;0;0;0;1;0;0;0;0
ID502;1;1;1;1;1;1;1;1;1;1;0;1;0;0;1;0;0;0;0;1;0;1;1;0
ID503;0;1;1;1;1;1;0;1;1;1;0;1;0;0;1;0;0;0;0;1;0;1;1;1
ID504;1;1;1;1;1;1;1;1;1;1;0;1;0;0;1;0;0;0;0;0;0;1;0;0
ID505;0;1;1;1;1;1;0;1;1;1;0;0;1;0;1;0;0;0;0;0;0;0;0;0
ID506;0;1;1;1;1;1;1;1;1;1;1;1;1;0;1;0;0;0;1;0;0;0;0;0
ID507;0;1;1;0;0;0;0;0;1;1;0;1;1;0;1;0;1;0;0;0;0;0;0;0
ID508;0;1;1;1;1;1;1;1;1;1;1;1;1;0;1;0;0;0;0;0;0;0;0;0
ID509;1;1;1;1;1;1;1;1;1;1;1;1;0;1;1;0;0;0;0;0;0;0;0;0
ID510;1;1;0;0;1;0;0;0;1;0;1;0;1;0;0;0;1;0;0;0;0;0;0;0
ID511;0;0;0;0;0;0;0;0;1;0;0;0;0;0;0;0;0;0;0;0;0;0;0;0
ID538;1;1;1;1;1;0;1;0;0;0;0;1;0;0;1;0;0;0;0;1;0;0;0;0
ID539;1;1;1;1;1;1;1;1;0;1;0;1;0;0;1;0;0;0;0;1;0;0;0;0
ID540;1;1;0;1;1;0;0;1;0;0;0;1;0;0;0;0;0;0;0;1;0;0;0;0
ID541;1;1;1;1;1;1;1;1;1;1;0;1;0;0;1;0;0;0;0;0;0;0;1;0
ID542;1;1;1;1;1;1;1;1;1;1;0;1;0;0;1;0;0;0;0;1;0;0;1;0
ID543;1;1;1;1;1;1;1;1;1;1;0;1;0;0;1;0;0;0;0;0;0;0;0;0
ID544;0;1;1;1;1;1;0;1;1;1;0;0;0;0;1;0;1;0;0;0;0;0;0;0
ID545;0;1;0;1;1;1;0;1;1;1;0;0;1;1;1;0;1;0;0;0;0;0;0;0
ID546;0;1;1;0;1;0;0;1;1;0;0;0;1;0;1;0;0;0;0;0;0;0;0;0
ID547;0;1;1;1;1;1;1;1;1;0;1;1;1;0;1;0;0;0;0;0;0;0;0;0
ID548;0;1;1;1;1;0;1;1;1;0;1;1;1;0;1;0;1;0;0;0;0;0;0;0
ID549;1;1;0;0;1;1;0;1;0;0;0;0;0;0;0;0;0;0;0;0;0;0;0;0
ID550;0;1;1;0;1;0;1;0;1;1;0;0;0;0;0;0;0;0;0;0;0;0;0;0
ID551;0;1;0;0;0;0;0;0;0;0;0;0;0;0;0;0;0;0;0;0;0;0;0;0
ID58;1;0;0;1;0;0;0;0;0;0;0;0;0;0;0;0;0;0;0;0;0;0;0;0
ID580;1;1;1;1;1;1;1;0;0;1;0;1;0;0;0;0;0;0;0;1;0;0;0;0
ID581;1;1;1;1;1;1;1;1;1;1;0;1;0;0;0;0;0;0;0;0;0;0;1;0
ID582;1;1;1;1;1;1;1;1;1;1;0;0;0;0;0;0;0;0;0;0;0;0;0;0
ID583;1;1;1;1;1;1;1;1;1;1;0;1;0;0;1;0;0;0;0;0;0;0;0;0
ID584;0;0;1;1;1;1;0;1;1;0;0;1;0;0;0;0;0;0;0;0;0;0;0;0
ID585;0;1;1;0;1;1;0;1;1;1;1;0;0;1;0;0;0;0;0;0;0;0;0;0
ID586;0;1;1;0;1;0;0;1;1;0;1;0;1;0;1;0;0;0;0;0;0;0;0;0
ID587;0;1;1;1;1;1;0;1;1;0;1;1;1;0;1;0;0;0;0;0;0;0;0;0
ID588;0;1;1;1;1;1;1;1;1;1;1;1;1;1;0;0;0;0;0;0;0;0;0;0
ID589;0;1;1;0;1;1;1;1;1;0;1;1;1;0;1;0;0;0;0;0;0;0;0;0
ID59;0;1;0;1;1;0;0;1;0;0;0;1;0;0;0;0;0;0;0;0;0;0;0;0
ID590;0;1;0;1;1;0;0;0;1;1;1;0;0;1;1;0;0;0;0;0;0;0;0;0
ID591;0;1;0;0;1;0;0;0;1;0;0;0;1;0;0;0;1;0;0;0;0;0;0;0
ID619;1;1;1;1;1;0;0;1;0;1;0;1;0;0;1;0;0;0;0;0;0;0;0;0
ID620;1;1;1;1;1;0;1;1;0;1;0;1;0;0;0;0;0;0;0;1;0;0;0;0
ID621;1;1;1;1;1;1;0;1;1;1;0;1;0;0;1;1;0;0;0;1;0;0;0;0
ID622;0;1;1;1;1;1;1;1;1;1;1;0;0;0;1;0;0;0;0;0;0;0;0;0
ID623;0;1;1;1;1;1;1;1;1;1;1;0;0;0;1;0;0;0;0;0;0;0;0;0
ID624;0;1;1;1;1;1;1;1;1;1;1;0;0;0;0;0;0;0;0;0;0;0;0;0
ID625;0;1;1;1;1;0;1;1;1;1;1;0;1;1;1;1;0;0;1;0;0;0;0;0
ID626;0;1;1;0;1;0;1;1;1;0;1;0;1;0;1;0;0;0;0;0;0;0;0;0
ID627;0;1;0;0;1;0;1;0;1;0;1;1;1;0;0;0;0;0;0;0;0;0;0;0
ID628;0;1;1;1;1;1;0;0;1;1;0;0;1;1;0;0;1;0;0;0;0;0;0;0
ID629;0;1;1;1;1;1;1;1;1;1;1;0;1;0;1;0;0;0;0;0;0;0;0;0
ID630;0;1;1;0;1;0;0;0;1;1;1;0;1;0;1;0;0;0;1;0;0;0;0;0
ID631;0;1;0;0;1;0;0;0;1;0;0;0;1;1;1;0;1;0;0;0;0;0;0;0
ID632;0;1;1;0;1;0;1;0;0;0;0;0;0;1;0;0;0;0;0;0;0;0;0;0
ID633;0;0;0;0;1;0;0;0;0;0;0;0;0;0;0;0;0;0;0;0;0;0;0;0
ID660;1;1;1;1;1;1;1;1;1;1;0;1;0;0;0;0;0;0;0;1;0;0;0;0
ID661;1;1;1;1;1;1;1;1;1;1;1;1;0;1;1;0;0;0;0;1;0;0;0;0
ID662;0;1;1;1;1;1;1;1;1;1;1;1;0;0;1;1;0;1;0;0;0;0;0;0
ID663;0;1;1;1;1;1;1;1;1;1;0;1;0;1;1;1;1;0;0;0;0;0;0;0
ID664;0;1;1;0;1;1;1;1;1;1;1;1;1;1;1;1;1;0;0;0;0;0;0;0
ID665;0;1;1;1;1;0;0;1;1;1;1;1;1;1;1;0;0;1;0;0;0;0;0;0
ID666;0;1;1;1;1;0;1;1;1;1;1;0;0;1;1;0;1;0;0;0;0;0;0;0
ID667;0;1;1;1;1;0;1;1;1;0;1;0;1;1;1;0;1;1;0;0;0;0;0;0
ID668;0;1;1;1;1;0;1;1;1;1;1;0;1;1;1;1;0;1;0;0;0;0;0;0
ID669;0;1;1;1;1;0;1;1;1;1;1;0;1;1;1;1;1;0;0;0;0;0;0;0
ID670;0;1;1;1;1;1;1;1;1;1;1;0;1;1;1;1;1;1;0;0;0;0;0;0
ID671;0;1;1;0;1;0;1;0;1;1;1;0;1;1;1;1;1;1;0;0;0;0;0;0
ID672;0;1;1;0;1;0;0;1;1;0;0;0;0;1;0;0;0;0;0;0;0;0;0;0
ID699;1;1;1;1;1;0;0;0;0;1;0;1;0;0;0;0;0;0;0;1;0;0;0;0
ID70;1;1;1;1;1;0;0;0;0;1;0;0;0;0;0;0;0;0;0;0;0;0;0;0
ID700;1;1;1;1;1;1;1;0;1;1;1;1;1;0;1;0;0;0;0;0;0;0;0;0
ID701;1;1;1;1;1;1;1;1;1;1;1;1;0;0;1;0;0;0;0;0;0;0;0;0
ID702;0;1;1;1;1;1;1;1;1;1;1;0;1;1;1;1;0;0;0;0;0;0;0;0
ID703;0;1;1;1;1;0;1;1;1;1;1;1;1;0;1;1;1;0;0;0;0;0;0;0
ID704;0;1;1;1;1;0;1;1;1;1;1;0;1;1;1;1;1;0;0;0;0;0;0;0
ID705;0;1;1;1;1;0;1;1;1;0;1;0;0;1;1;1;1;0;0;0;0;0;0;0
ID706;0;1;1;1;1;0;1;1;1;1;1;0;1;1;1;1;1;0;1;0;0;0;0;0
ID707;0;1;1;1;1;1;1;1;1;0;1;0;1;1;1;0;1;0;0;0;1;0;0;0
ID708;0;1;1;1;1;0;0;1;1;0;1;0;1;1;1;0;1;1;0;0;0;0;0;0
ID709;0;1;1;1;1;0;1;0;1;0;1;0;1;1;1;0;1;1;0;0;0;0;0;0
ID710;0;1;0;1;1;0;1;0;1;1;1;0;1;1;1;0;1;0;0;0;0;0;0;0
ID711;0;1;1;0;1;0;1;0;1;0;0;0;0;0;0;0;0;0;0;0;0;0;0;0
ID712;0;1;0;1;1;0;0;0;1;0;0;0;0;0;0;0;0;0;0;0;0;0;0;0
ID713;0;0;0;0;1;0;1;1;0;0;0;0;0;1;0;0;0;0;0;0;0;0;0;0
ID738;1;1;1;1;1;1;1;0;1;1;0;1;0;0;1;0;0;0;0;0;0;0;0;0
ID739;1;1;1;1;1;1;1;1;1;1;1;1;1;1;1;0;1;0;0;1;0;0;0;0
ID740;1;1;1;1;1;1;1;1;1;1;0;1;0;1;1;0;0;0;0;0;0;0;0;0
ID741;0;1;1;1;1;1;1;1;1;1;1;1;1;0;1;1;0;0;0;0;0;0;0;0
ID742;0;1;1;1;1;1;1;1;1;1;1;1;1;0;1;1;1;0;0;0;0;0;0;0
ID743;0;1;1;1;1;1;1;1;1;1;1;1;1;1;1;1;1;0;0;0;0;0;0;0
ID744;0;1;1;0;1;1;1;0;1;1;1;0;1;0;1;1;1;0;0;0;0;0;0;0
ID745;0;1;1;1;1;0;1;1;1;1;1;0;1;1;1;1;1;1;0;0;0;0;0;0
ID746;0;1;1;1;1;0;0;1;1;0;1;0;1;1;1;1;1;0;0;0;0;0;0;0
ID747;0;1;1;0;1;0;1;1;1;1;1;0;1;1;1;0;1;1;0;0;1;0;0;0
ID748;0;1;1;1;1;0;1;1;1;1;1;0;1;1;1;0;1;1;0;0;0;0;0;0
ID749;0;1;1;1;1;0;1;1;1;1;1;1;1;1;1;0;1;1;0;0;0;0;0;0
ID750;0;1;1;1;1;0;1;1;1;0;0;0;1;1;1;0;1;0;0;0;0;0;0;0
ID751;0;1;1;0;1;0;1;0;1;0;0;0;0;0;1;0;1;0;0;0;0;0;0;0
ID752;0;0;0;0;0;0;0;1;1;0;0;0;0;0;0;0;0;0;0;0;0;0;0;0
ID777;1;1;1;1;1;1;1;1;1;1;0;1;0;0;1;0;0;0;0;0;0;0;0;0
ID778;1;1;1;1;1;1;1;1;1;1;1;1;1;0;1;1;1;0;0;0;0;0;0;0
ID779;0;1;1;0;1;1;0;1;1;1;1;1;0;1;1;1;1;0;0;0;0;0;0;0
ID780;1;1;1;1;1;1;1;1;1;1;1;1;1;1;1;1;1;0;0;0;0;0;0;0
ID781;0;1;1;1;1;1;1;1;1;1;1;1;1;1;1;1;1;1;0;0;0;0;0;0
ID782;0;1;1;1;1;1;1;1;1;1;1;1;1;1;1;1;1;0;1;0;0;0;0;0
ID783;0;1;1;1;1;0;1;1;1;1;1;1;1;1;1;1;1;1;1;0;0;0;0;0
ID784;0;1;1;1;1;0;0;0;1;1;1;0;1;1;1;1;1;1;0;0;0;0;0;0
ID785;0;1;1;1;1;0;1;1;1;1;1;0;1;1;1;1;1;1;1;0;0;0;0;0
ID786;0;1;1;1;1;0;0;0;1;1;1;0;1;1;1;0;1;1;1;0;0;0;0;0
ID787;0;1;1;0;1;0;1;1;1;0;1;0;1;1;1;0;1;1;0;0;0;0;0;0
ID788;0;1;1;0;1;0;1;1;1;1;1;0;1;1;1;0;1;1;0;0;0;0;0;0
ID789;0;1;1;0;1;1;1;1;1;0;1;0;0;1;0;0;0;1;0;0;0;0;0;0
ID790;0;1;1;1;1;0;1;1;1;0;1;0;1;1;1;0;1;1;0;0;0;0;0;0
ID791;0;1;1;1;1;0;1;0;1;0;1;0;1;1;1;0;1;1;0;0;0;0;0;0
ID792;0;0;1;0;1;0;0;0;1;0;1;0;1;0;1;0;1;0;0;0;0;0;0;0
ID793;0;0;0;0;0;0;1;1;0;0;1;0;1;1;1;0;0;0;0;0;0;0;0;0
ID814;1;1;1;1;1;1;0;0;0;0;0;1;0;0;0;0;0;0;0;1;0;0;0;0
ID815;1;1;1;1;1;1;0;1;0;1;0;1;0;0;0;0;0;0;0;1;0;1;0;0
ID816;1;1;1;1;1;1;1;1;1;1;0;1;0;0;0;1;0;0;0;1;0;1;0;0
ID817;1;1;1;1;1;1;1;1;1;1;1;1;0;1;1;0;0;0;0;0;0;0;0;0
ID818;0;1;1;1;1;1;1;1;1;1;1;0;1;1;1;1;1;0;0;0;0;0;0;0
ID819;0;1;1;1;1;0;1;1;1;1;1;1;1;1;1;1;1;1;0;0;0;0;0;0
ID820;0;1;1;1;1;0;1;1;1;1;1;0;1;1;1;1;1;1;1;0;0;0;0;0
ID821;0;1;1;1;1;1;1;1;1;1;1;1;1;1;1;1;1;0;0;0;0;0;0;0
ID822;0;1;1;1;1;1;1;1;1;1;1;1;1;1;1;1;1;1;1;0;0;0;0;0
ID823;0;1;1;1;1;1;1;1;1;1;1;0;1;1;1;1;1;0;0;0;0;0;0;0
ID824;0;1;1;1;1;1;1;0;1;1;1;0;1;1;1;1;1;1;0;0;0;0;0;0
ID825;0;1;1;1;1;0;1;1;1;0;1;0;1;1;0;0;1;1;1;0;0;0;0;0
ID826;0;1;1;1;1;1;1;0;1;0;1;0;0;1;0;0;0;1;1;0;0;0;0;0
ID827;0;1;1;1;1;1;1;1;1;0;1;0;1;1;1;0;0;1;0;0;0;0;0;0
ID828;0;1;1;1;1;1;0;1;1;0;1;0;1;0;1;0;0;1;0;0;0;0;0;0
ID829;0;1;1;1;1;1;0;1;1;0;1;0;0;1;0;0;0;1;0;0;0;0;0;0
ID830;0;1;1;1;1;1;1;1;1;0;1;0;1;1;1;0;0;1;0;0;0;0;0;0
ID831;0;1;1;1;1;0;0;1;1;0;1;0;1;1;1;0;1;1;0;0;0;0;0;0
ID832;0;1;1;0;1;0;1;0;1;0;1;0;1;0;1;0;1;1;0;0;0;0;0;0
ID833;0;1;0;0;0;0;0;0;1;0;1;0;0;1;0;0;1;0;0;0;0;0;0;0
ID835;0;0;0;0;0;0;0;0;1;0;0;0;0;0;0;0;0;0;0;0;0;0;0;0
ID854;0;1;0;1;1;1;0;1;0;0;0;1;0;0;0;0;0;0;0;1;0;1;0;0
ID855;1;1;1;1;1;1;0;1;1;1;0;1;0;0;0;0;0;0;0;0;0;1;0;0
ID856;0;1;1;1;1;1;0;1;1;1;1;0;0;1;1;1;0;1;0;0;0;0;0;0
ID857;0;1;0;0;1;1;0;1;1;1;1;0;1;1;1;1;0;0;0;0;0;0;0;0
ID858;0;1;0;0;0;1;0;0;1;1;1;0;0;0;1;1;0;0;0;0;0;0;0;0
ID859;0;1;1;1;1;1;1;1;1;1;1;0;1;1;1;1;1;0;0;0;0;0;0;0
ID860;0;1;1;0;1;0;1;0;1;1;1;0;1;1;1;1;1;0;0;0;0;0;0;0
ID861;0;1;0;1;1;0;1;1;1;1;1;0;1;1;1;1;1;0;0;0;0;0;0;0
ID862;0;1;1;1;1;1;1;0;1;1;1;1;1;1;1;1;1;0;1;0;0;0;0;0
ID863;0;1;1;1;1;0;1;1;1;1;1;0;1;1;1;1;1;1;1;0;0;0;0;0
ID864;0;1;1;1;1;0;0;1;1;0;1;0;0;1;0;1;1;1;1;0;0;0;0;0
ID866;0;1;1;1;1;1;0;1;1;0;1;0;1;1;0;0;1;1;0;0;0;0;0;0
ID867;0;1;1;1;1;0;0;1;1;0;1;0;0;0;0;0;0;1;0;0;0;0;0;0
ID868;0;1;1;1;1;1;0;0;1;0;1;0;0;0;0;0;0;1;0;0;0;0;0;0
ID869;0;1;1;1;1;0;0;0;1;0;1;0;0;0;0;0;1;1;0;0;0;0;0;0
ID870;0;1;1;1;1;0;1;1;1;0;1;0;1;1;1;0;0;1;0;0;0;0;0;0
ID871;0;1;1;1;1;1;1;1;1;0;1;0;0;0;1;0;0;1;0;0;0;0;0;0
ID872;0;1;1;0;1;0;1;1;1;0;1;0;1;1;1;0;1;0;0;0;0;0;0;0
ID894;1;1;1;0;1;1;0;0;1;0;0;1;0;0;1;1;0;0;0;0;0;0;0;0
ID895;0;1;0;0;1;1;0;1;1;1;0;0;0;0;1;0;0;0;0;0;0;0;0;0
ID896;0;1;1;1;0;0;0;1;1;1;1;0;0;0;1;1;0;0;0;0;0;0;0;0
ID897;0;1;1;1;0;0;0;0;1;1;1;0;1;1;1;1;1;1;1;0;0;0;0;0
ID898;0;1;1;0;1;0;1;0;1;1;1;0;1;1;1;1;0;0;0;0;0;0;0;0
ID899;0;1;1;1;1;0;0;0;1;1;0;0;0;0;1;0;0;0;0;0;0;0;0;0
ID900;0;1;1;1;1;1;1;0;1;1;1;0;1;1;1;0;1;0;0;0;0;0;0;0
ID901;0;1;1;1;1;0;1;0;1;1;1;0;1;1;1;1;1;0;0;0;0;0;0;0
ID902;0;1;1;1;1;0;1;0;1;1;1;0;1;1;1;1;1;0;0;0;0;0;0;0
ID909;0;0;0;0;1;0;0;0;1;0;1;0;0;0;0;0;1;1;0;0;0;0;0;0
ID910;0;1;1;1;1;0;1;1;1;0;1;0;0;0;0;0;0;1;0;0;0;0;0;0
ID911;0;1;1;1;1;0;0;0;1;0;1;0;1;1;1;0;0;1;0;0;0;0;0;0
ID912;0;1;1;0;1;1;1;1;1;0;1;0;1;1;1;0;1;1;0;0;0;0;0;0
ID913;0;1;1;0;1;0;1;0;1;0;0;0;0;1;1;0;1;0;0;0;0;0;0;0
ID927;1;1;1;0;1;0;0;0;0;0;0;0;0;0;0;0;0;0;0;0;0;0;0;0
ID928;1;1;0;1;1;0;0;0;0;0;0;1;0;1;0;0;0;0;0;0;0;0;0;0
ID929;1;1;1;1;1;0;0;0;0;1;1;1;1;0;0;0;0;0;0;0;0;0;0;0
ID930;1;1;1;1;1;1;0;0;0;1;1;1;1;0;1;0;0;0;0;0;0;0;0;0
ID931;1;1;1;1;1;1;1;1;1;1;1;1;0;0;1;0;0;0;0;0;0;0;0;0
ID932;0;1;1;1;0;1;1;0;1;1;0;1;1;0;1;1;0;0;0;0;0;0;0;0
ID933;1;1;1;1;1;1;0;1;1;1;1;1;1;1;1;1;0;0;0;0;0;0;0;0
ID934;0;1;1;1;1;1;0;1;1;1;1;0;1;0;1;1;1;0;0;0;0;0;0;0
ID935;0;1;1;1;1;1;0;1;1;1;1;0;1;1;1;1;0;0;0;0;0;0;0;0
ID936;0;1;1;0;0;0;0;0;1;1;1;0;0;0;1;1;0;0;0;0;0;0;0;0
ID937;0;1;1;0;1;0;0;0;1;1;1;0;1;1;1;1;0;0;0;0;0;0;0;0
ID938;1;1;1;1;1;0;0;0;1;1;1;0;1;1;1;0;1;1;0;0;0;0;0;0
ID939;0;1;1;1;1;0;0;1;1;1;1;0;1;1;1;1;1;0;0;0;0;0;0;0
ID940;0;1;1;1;1;0;0;0;1;1;1;0;1;1;1;1;1;1;0;0;0;0;0;0
ID941;0;0;1;0;1;0;1;0;1;1;1;0;1;1;1;0;1;0;0;0;0;0;0;0
ID951;0;1;1;1;1;0;0;1;1;0;1;0;0;1;0;0;0;0;0;0;0;0;0;0
ID953;0;0;0;0;0;0;0;0;0;0;0;0;0;0;1;0;0;0;0;0;1;0;0;0
ID967;1;1;1;1;1;0;0;0;0;0;0;0;0;0;0;0;0;0;0;0;0;0;0;0
ID968;1;1;1;1;1;0;1;0;0;0;0;1;1;0;0;0;0;0;1;0;0;0;0;0
ID969;1;1;1;0;1;0;1;0;0;0;0;0;0;0;0;0;0;0;0;0;0;0;0;0
ID970;1;1;1;1;1;0;0;0;1;0;1;1;1;1;1;0;0;0;0;0;0;0;0;0
ID971;1;1;1;0;1;1;0;0;1;1;1;0;1;1;0;1;0;0;0;0;0;0;0;0
ID972;0;1;1;1;1;1;0;0;1;1;1;0;1;1;1;1;1;0;0;0;0;0;0;0
ID973;0;1;1;1;1;0;0;1;1;1;1;0;0;1;1;0;1;0;0;0;0;0;0;0
ID974;0;1;1;1;1;0;0;0;1;1;1;1;0;1;1;1;1;0;0;0;0;0;0;0
ID975;0;1;1;1;0;1;0;1;1;1;1;0;1;1;1;1;0;0;0;0;0;0;0;0
ID976;0;1;1;1;0;0;0;0;1;1;1;0;1;1;1;1;1;1;0;0;0;0;0;0
ID977;0;1;1;1;1;0;1;0;1;1;1;0;1;1;1;0;1;1;0;0;0;0;0;0
ID978;0;1;1;1;1;1;1;1;1;1;1;0;1;1;1;1;1;0;0;0;0;0;0;0
ID979;0;1;1;0;1;0;0;0;1;1;1;0;0;1;1;0;1;1;1;0;0;0;0;0
